Uploaded_variation,Location,Allele,Gene,Feature,Feature_type,Consequence,cDNA_position,CDS_position,Protein_position,Amino_acids,Codons,Existing_variation,Extra,Protein_accession,Protein_length,Protein_aa,PDB_code,PDB_chain,PDB_chain_length,PDB_3D_position,PDB_seq_position,PDB_aa,Evalue,Pident,Protein_coverage,Length_alignment,PDB_B_factor,Protein_alignment_start,Protein_alignment_end,PDB_alignment_start,PDB_alignment_end,Structure_feature_id,Mapping_position
1_27939440_G/A,1:27939440,A,ENSG00000000938,ENST00000374005,Transcript,synonymous_variant,1864,1575,525,P,ccC/ccT,-,IMPACT=LOW;STRAND=-1;SOURCE=Homo_sapiens.GRCh37.87.gtf.sorted.gz,sp|P09769|FGR_HUMAN,529,P,AF-P09769-F1-model_v4.pdb,A,529,525,525,P,0.0,100.0,100.0,529,73.7,1,529,1,529,AF-P09769-F1-model_v4.pdb_sp|P09769|FGR_HUMAN_A_NA_NA,Structure
1_27939461_G/A,1:27939461,A,ENSG00000000938,ENST00000374005,Transcript,synonymous_variant,1843,1554,518,S,tcC/tcT,-,IMPACT=LOW;STRAND=-1;SOURCE=Homo_sapiens.GRCh37.87.gtf.sorted.gz,sp|P09769|FGR_HUMAN,529,S,AF-P09769-F1-model_v4.pdb,A,529,518,518,S,0.0,100.0,100.0,529,60.2,1,529,1,529,AF-P09769-F1-model_v4.pdb_sp|P09769|FGR_HUMAN_A_NA_NA,Structure
1_27939476_C/A,1:27939476,A,ENSG00000000938,ENST00000374005,Transcript,missense_variant,1828,1539,513,E/D,gaG/gaT,-,IMPACT=MODERATE;STRAND=-1;SOURCE=Homo_sapiens.GRCh37.87.gtf.sorted.gz,sp|P09769|FGR_HUMAN,529,E,AF-P09769-F1-model_v4.pdb,A,529,513,513,E,0.0,100.0,100.0,529,91.6,1,529,1,529,AF-P09769-F1-model_v4.pdb_sp|P09769|FGR_HUMAN_A_NA_NA,Structure
1_27939493_G/A,1:27939493,A,ENSG00000000938,ENST00000374005,Transcript,synonymous_variant,1811,1522,508,L,Ctg/Ttg,-,IMPACT=LOW;STRAND=-1;SOURCE=Homo_sapiens.GRCh37.87.gtf.sorted.gz,sp|P09769|FGR_HUMAN,529,L,AF-P09769-F1-model_v4.pdb,A,529,508,508,L,0.0,100.0,100.0,529,98.19,1,529,1,529,AF-P09769-F1-model_v4.pdb_sp|P09769|FGR_HUMAN_A_NA_NA,Structure
1_27939500_G/C,1:27939500,C,ENSG00000000938,ENST00000374005,Transcript,missense_variant,1804,1515,505,F/L,ttC/ttG,-,IMPACT=MODERATE;STRAND=-1;SOURCE=Homo_sapiens.GRCh37.87.gtf.sorted.gz,sp|P09769|FGR_HUMAN,529,F,AF-P09769-F1-model_v4.pdb,A,529,505,505,F,0.0,100.0,100.0,529,98.71,1,529,1,529,AF-P09769-F1-model_v4.pdb_sp|P09769|FGR_HUMAN_A_NA_NA,Structure
1_27939518_C/T,1:27939518,T,ENSG00000000938,ENST00000374005,Transcript,synonymous_variant,1786,1497,499,P,ccG/ccA,-,IMPACT=LOW;STRAND=-1;SOURCE=Homo_sapiens.GRCh37.87.gtf.sorted.gz,sp|P09769|FGR_HUMAN,529,P,AF-P09769-F1-model_v4.pdb,A,529,499,499,P,0.0,100.0,100.0,529,97.38,1,529,1,529,AF-P09769-F1-model_v4.pdb_sp|P09769|FGR_HUMAN_A_NA_NA,Structure
1_27939520_G/A,1:27939520,A,ENSG00000000938,ENST00000374005,Transcript,missense_variant,1784,1495,499,P/S,Ccg/Tcg,-,IMPACT=MODERATE;STRAND=-1;SOURCE=Homo_sapiens.GRCh37.87.gtf.sorted.gz,sp|P09769|FGR_HUMAN,529,P,AF-P09769-F1-model_v4.pdb,A,529,499,499,P,0.0,100.0,100.0,529,97.38,1,529,1,529,AF-P09769-F1-model_v4.pdb_sp|P09769|FGR_HUMAN_A_NA_NA,Structure
1_27939528_C/T,1:27939528,T,ENSG00000000938,ENST00000374005,Transcript,missense_variant,1776,1487,496,R/H,cGt/cAt,-,IMPACT=MODERATE;STRAND=-1;SOURCE=Homo_sapiens.GRCh37.87.gtf.sorted.gz,sp|P09769|FGR_HUMAN,529,R,AF-P09769-F1-model_v4.pdb,A,529,496,496,R,0.0,100.0,100.0,529,97.5,1,529,1,529,AF-P09769-F1-model_v4.pdb_sp|P09769|FGR_HUMAN_A_NA_NA,Structure
1_27939529_G/A,1:27939529,A,ENSG00000000938,ENST00000374005,Transcript,missense_variant,1775,1486,496,R/C,Cgt/Tgt,-,IMPACT=MODERATE;STRAND=-1;SOURCE=Homo_sapiens.GRCh37.87.gtf.sorted.gz,sp|P09769|FGR_HUMAN,529,R,AF-P09769-F1-model_v4.pdb,A,529,496,496,R,0.0,100.0,100.0,529,97.5,1,529,1,529,AF-P09769-F1-model_v4.pdb_sp|P09769|FGR_HUMAN_A_NA_NA,Structure
1_27939553_A/G,1:27939553,G,ENSG00000000938,ENST00000374005,Transcript,missense_variant,1751,1462,488,Y/H,Tac/Cac,-,IMPACT=MODERATE;STRAND=-1;SOURCE=Homo_sapiens.GRCh37.87.gtf.sorted.gz,sp|P09769|FGR_HUMAN,529,Y,AF-P09769-F1-model_v4.pdb,A,529,488,488,Y,0.0,100.0,100.0,529,97.68,1,529,1,529,AF-P09769-F1-model_v4.pdb_sp|P09769|FGR_HUMAN_A_NA_NA,Structure
1_27939558_G/A,1:27939558,A,ENSG00000000938,ENST00000374005,Transcript,missense_variant,1746,1457,486,S/F,tCc/tTc,-,IMPACT=MODERATE;STRAND=-1;SOURCE=Homo_sapiens.GRCh37.87.gtf.sorted.gz,sp|P09769|FGR_HUMAN,529,S,AF-P09769-F1-model_v4.pdb,A,529,486,486,S,0.0,100.0,100.0,529,94.88,1,529,1,529,AF-P09769-F1-model_v4.pdb_sp|P09769|FGR_HUMAN_A_NA_NA,Structure
1_27939559_A/G,1:27939559,G,ENSG00000000938,ENST00000374005,Transcript,missense_variant,1745,1456,486,S/P,Tcc/Ccc,-,IMPACT=MODERATE;STRAND=-1;SOURCE=Homo_sapiens.GRCh37.87.gtf.sorted.gz,sp|P09769|FGR_HUMAN,529,S,AF-P09769-F1-model_v4.pdb,A,529,486,486,S,0.0,100.0,100.0,529,94.88,1,529,1,529,AF-P09769-F1-model_v4.pdb_sp|P09769|FGR_HUMAN_A_NA_NA,Structure
1_27939564_G/T,1:27939564,T,ENSG00000000938,ENST00000374005,Transcript,missense_variant,1740,1451,484,P/Q,cCa/cAa,-,IMPACT=MODERATE;STRAND=-1;SOURCE=Homo_sapiens.GRCh37.87.gtf.sorted.gz,sp|P09769|FGR_HUMAN,529,P,AF-P09769-F1-model_v4.pdb,A,529,484,484,P,0.0,100.0,100.0,529,95.26,1,529,1,529,AF-P09769-F1-model_v4.pdb_sp|P09769|FGR_HUMAN_A_NA_NA,Structure
1_27939590_G/T,1:27939590,T,ENSG00000000938,ENST00000374005,Transcript,stop_gained,1714,1425,475,Y/*,taC/taA,-,IMPACT=HIGH;STRAND=-1;SOURCE=Homo_sapiens.GRCh37.87.gtf.sorted.gz,sp|P09769|FGR_HUMAN,529,Y,AF-P09769-F1-model_v4.pdb,A,529,475,475,Y,0.0,100.0,100.0,529,94.99,1,529,1,529,AF-P09769-F1-model_v4.pdb_sp|P09769|FGR_HUMAN_A_NA_NA,Structure
1_27939596_C/A,1:27939596,A,ENSG00000000938,ENST00000374005,Transcript,missense_variant,1708,1419,473,Q/H,caG/caT,-,IMPACT=MODERATE;STRAND=-1;SOURCE=Homo_sapiens.GRCh37.87.gtf.sorted.gz,sp|P09769|FGR_HUMAN,529,Q,AF-P09769-F1-model_v4.pdb,A,529,473,473,Q,0.0,100.0,100.0,529,92.03,1,529,1,529,AF-P09769-F1-model_v4.pdb_sp|P09769|FGR_HUMAN_A_NA_NA,Structure
1_27939610_C/G,1:27939610,G,ENSG00000000938,ENST00000374005,Transcript,missense_variant,1694,1405,469,E/Q,Gaa/Caa,-,IMPACT=MODERATE;STRAND=-1;SOURCE=Homo_sapiens.GRCh37.87.gtf.sorted.gz,sp|P09769|FGR_HUMAN,529,E,AF-P09769-F1-model_v4.pdb,A,529,469,469,E,0.0,100.0,100.0,529,92.61,1,529,1,529,AF-P09769-F1-model_v4.pdb_sp|P09769|FGR_HUMAN_A_NA_NA,Structure
1_27939619_C/T,1:27939619,T,ENSG00000000938,ENST00000374005,Transcript,missense_variant,1685,1396,466,E/K,Gaa/Aaa,-,IMPACT=MODERATE;STRAND=-1;SOURCE=Homo_sapiens.GRCh37.87.gtf.sorted.gz,sp|P09769|FGR_HUMAN,529,E,AF-P09769-F1-model_v4.pdb,A,529,466,466,E,0.0,100.0,100.0,529,94.38,1,529,1,529,AF-P09769-F1-model_v4.pdb_sp|P09769|FGR_HUMAN_A_NA_NA,Structure
1_27939754_T/G,1:27939754,G,ENSG00000000938,ENST00000374005,Transcript,missense_variant,1646,1357,453,T/P,Acc/Ccc,-,IMPACT=MODERATE;STRAND=-1;SOURCE=Homo_sapiens.GRCh37.87.gtf.sorted.gz,sp|P09769|FGR_HUMAN,529,T,AF-P09769-F1-model_v4.pdb,A,529,453,453,T,0.0,100.0,100.0,529,97.11,1,529,1,529,AF-P09769-F1-model_v4.pdb_sp|P09769|FGR_HUMAN_A_NA_NA,Structure
1_27939760_G/T,1:27939760,T,ENSG00000000938,ENST00000374005,Transcript,missense_variant,1640,1351,451,L/I,Ctc/Atc,-,IMPACT=MODERATE;STRAND=-1;SOURCE=Homo_sapiens.GRCh37.87.gtf.sorted.gz,sp|P09769|FGR_HUMAN,529,L,AF-P09769-F1-model_v4.pdb,A,529,451,451,L,0.0,100.0,100.0,529,98.23,1,529,1,529,AF-P09769-F1-model_v4.pdb_sp|P09769|FGR_HUMAN_A_NA_NA,Structure
1_27939763_C/T,1:27939763,T,ENSG00000000938,ENST00000374005,Transcript,missense_variant,1637,1348,450,E/K,Gag/Aag,-,IMPACT=MODERATE;STRAND=-1;SOURCE=Homo_sapiens.GRCh37.87.gtf.sorted.gz,sp|P09769|FGR_HUMAN,529,E,AF-P09769-F1-model_v4.pdb,A,529,450,450,E,0.0,100.0,100.0,529,98.29,1,529,1,529,AF-P09769-F1-model_v4.pdb_sp|P09769|FGR_HUMAN_A_NA_NA,Structure
1_27939791_G/A,1:27939791,A,ENSG00000000938,ENST00000374005,Transcript,synonymous_variant,1609,1320,440,D,gaC/gaT,-,IMPACT=LOW;STRAND=-1;SOURCE=Homo_sapiens.GRCh37.87.gtf.sorted.gz,sp|P09769|FGR_HUMAN,529,D,AF-P09769-F1-model_v4.pdb,A,529,440,440,D,0.0,100.0,100.0,529,98.08,1,529,1,529,AF-P09769-F1-model_v4.pdb_sp|P09769|FGR_HUMAN_A_NA_NA,Structure
1_27939804_G/T,1:27939804,T,ENSG00000000938,ENST00000374005,Transcript,missense_variant,1596,1307,436,T/N,aCc/aAc,-,IMPACT=MODERATE;STRAND=-1;SOURCE=Homo_sapiens.GRCh37.87.gtf.sorted.gz,sp|P09769|FGR_HUMAN,529,T,AF-P09769-F1-model_v4.pdb,A,529,436,436,T,0.0,100.0,100.0,529,95.57,1,529,1,529,AF-P09769-F1-model_v4.pdb_sp|P09769|FGR_HUMAN_A_NA_NA,Structure
1_27939810_C/A,1:27939810,A,ENSG00000000938,ENST00000374005,Transcript,missense_variant,1590,1301,434,R/I,aGa/aTa,-,IMPACT=MODERATE;STRAND=-1;SOURCE=Homo_sapiens.GRCh37.87.gtf.sorted.gz,sp|P09769|FGR_HUMAN,529,R,AF-P09769-F1-model_v4.pdb,A,529,434,434,R,0.0,100.0,100.0,529,91.3,1,529,1,529,AF-P09769-F1-model_v4.pdb_sp|P09769|FGR_HUMAN_A_NA_NA,Structure
1_27939812_G/A,1:27939812,A,ENSG00000000938,ENST00000374005,Transcript,synonymous_variant,1588,1299,433,G,ggC/ggT,-,IMPACT=LOW;STRAND=-1;SOURCE=Homo_sapiens.GRCh37.87.gtf.sorted.gz,sp|P09769|FGR_HUMAN,529,G,AF-P09769-F1-model_v4.pdb,A,529,433,433,G,0.0,100.0,100.0,529,86.87,1,529,1,529,AF-P09769-F1-model_v4.pdb_sp|P09769|FGR_HUMAN_A_NA_NA,Structure
1_27939826_C/T,1:27939826,T,ENSG00000000938,ENST00000374005,Transcript,missense_variant,1574,1285,429,A/T,Gct/Act,-,IMPACT=MODERATE;STRAND=-1;SOURCE=Homo_sapiens.GRCh37.87.gtf.sorted.gz,sp|P09769|FGR_HUMAN,529,A,AF-P09769-F1-model_v4.pdb,A,529,429,429,A,0.0,100.0,100.0,529,93.22,1,529,1,529,AF-P09769-F1-model_v4.pdb_sp|P09769|FGR_HUMAN_A_NA_NA,Structure
1_27939851_G/A,1:27939851,A,ENSG00000000938,ENST00000374005,Transcript,synonymous_variant,1549,1260,420,F,ttC/ttT,-,IMPACT=LOW;STRAND=-1;SOURCE=Homo_sapiens.GRCh37.87.gtf.sorted.gz,sp|P09769|FGR_HUMAN,529,F,AF-P09769-F1-model_v4.pdb,A,529,420,420,F,0.0,100.0,100.0,529,77.92,1,529,1,529,AF-P09769-F1-model_v4.pdb_sp|P09769|FGR_HUMAN_A_NA_NA,Structure
1_27940941_C/A,1:27940941,A,ENSG00000000938,ENST00000374005,Transcript,"missense_variant,splice_region_variant",1538,1249,417,G/C,Ggt/Tgt,-,IMPACT=MODERATE;STRAND=-1;SOURCE=Homo_sapiens.GRCh37.87.gtf.sorted.gz,sp|P09769|FGR_HUMAN,529,G,AF-P09769-F1-model_v4.pdb,A,529,417,417,G,0.0,100.0,100.0,529,55.32,1,529,1,529,AF-P09769-F1-model_v4.pdb_sp|P09769|FGR_HUMAN_A_NA_NA,Structure
1_27940959_C/T,1:27940959,T,ENSG00000000938,ENST00000374005,Transcript,missense_variant,1520,1231,411,E/K,Gag/Aag,-,IMPACT=MODERATE;STRAND=-1;SOURCE=Homo_sapiens.GRCh37.87.gtf.sorted.gz,sp|P09769|FGR_HUMAN,529,E,AF-P09769-F1-model_v4.pdb,A,529,411,411,E,0.0,100.0,100.0,529,53.24,1,529,1,529,AF-P09769-F1-model_v4.pdb_sp|P09769|FGR_HUMAN_A_NA_NA,Structure
1_27940979_G/A,1:27940979,A,ENSG00000000938,ENST00000374005,Transcript,missense_variant,1500,1211,404,A/V,gCg/gTg,-,IMPACT=MODERATE;STRAND=-1;SOURCE=Homo_sapiens.GRCh37.87.gtf.sorted.gz,sp|P09769|FGR_HUMAN,529,A,AF-P09769-F1-model_v4.pdb,A,529,404,404,A,0.0,100.0,100.0,529,70.13,1,529,1,529,AF-P09769-F1-model_v4.pdb_sp|P09769|FGR_HUMAN_A_NA_NA,Structure
1_27940996_G/A,1:27940996,A,ENSG00000000938,ENST00000374005,Transcript,synonymous_variant,1483,1194,398,I,atC/atT,-,IMPACT=LOW;STRAND=-1;SOURCE=Homo_sapiens.GRCh37.87.gtf.sorted.gz,sp|P09769|FGR_HUMAN,529,I,AF-P09769-F1-model_v4.pdb,A,529,398,398,I,0.0,100.0,100.0,529,98.17,1,529,1,529,AF-P09769-F1-model_v4.pdb_sp|P09769|FGR_HUMAN_A_NA_NA,Structure
1_27941000_T/C,1:27941000,C,ENSG00000000938,ENST00000374005,Transcript,missense_variant,1479,1190,397,K/R,aAg/aGg,-,IMPACT=MODERATE;STRAND=-1;SOURCE=Homo_sapiens.GRCh37.87.gtf.sorted.gz,sp|P09769|FGR_HUMAN,529,K,AF-P09769-F1-model_v4.pdb,A,529,397,397,K,0.0,100.0,100.0,529,98.21,1,529,1,529,AF-P09769-F1-model_v4.pdb_sp|P09769|FGR_HUMAN_A_NA_NA,Structure
1_27941015_T/C,1:27941015,C,ENSG00000000938,ENST00000374005,Transcript,missense_variant,1464,1175,392,E/G,gAg/gGg,-,IMPACT=MODERATE;STRAND=-1;SOURCE=Homo_sapiens.GRCh37.87.gtf.sorted.gz,sp|P09769|FGR_HUMAN,529,E,AF-P09769-F1-model_v4.pdb,A,529,392,392,E,0.0,100.0,100.0,529,89.84,1,529,1,529,AF-P09769-F1-model_v4.pdb_sp|P09769|FGR_HUMAN_A_NA_NA,Structure
1_27941018_C/A,1:27941018,A,ENSG00000000938,ENST00000374005,Transcript,missense_variant,1461,1172,391,G/V,gGg/gTg,-,IMPACT=MODERATE;STRAND=-1;SOURCE=Homo_sapiens.GRCh37.87.gtf.sorted.gz,sp|P09769|FGR_HUMAN,529,G,AF-P09769-F1-model_v4.pdb,A,529,391,391,G,0.0,100.0,100.0,529,94.05,1,529,1,529,AF-P09769-F1-model_v4.pdb_sp|P09769|FGR_HUMAN_A_NA_NA,Structure
1_27941026_G/T,1:27941026,T,ENSG00000000938,ENST00000374005,Transcript,synonymous_variant,1453,1164,388,I,atC/atA,-,IMPACT=LOW;STRAND=-1;SOURCE=Homo_sapiens.GRCh37.87.gtf.sorted.gz,sp|P09769|FGR_HUMAN,529,I,AF-P09769-F1-model_v4.pdb,A,529,388,388,I,0.0,100.0,100.0,529,98.33,1,529,1,529,AF-P09769-F1-model_v4.pdb_sp|P09769|FGR_HUMAN_A_NA_NA,Structure
1_27941035_T/C,1:27941035,C,ENSG00000000938,ENST00000374005,Transcript,synonymous_variant,1444,1155,385,A,gcA/gcG,-,IMPACT=LOW;STRAND=-1;SOURCE=Homo_sapiens.GRCh37.87.gtf.sorted.gz,sp|P09769|FGR_HUMAN,529,A,AF-P09769-F1-model_v4.pdb,A,529,385,385,A,0.0,100.0,100.0,529,98.05,1,529,1,529,AF-P09769-F1-model_v4.pdb_sp|P09769|FGR_HUMAN_A_NA_NA,Structure
1_27941037_C/T,1:27941037,T,ENSG00000000938,ENST00000374005,Transcript,missense_variant,1442,1153,385,A/T,Gca/Aca,-,IMPACT=MODERATE;STRAND=-1;SOURCE=Homo_sapiens.GRCh37.87.gtf.sorted.gz,sp|P09769|FGR_HUMAN,529,A,AF-P09769-F1-model_v4.pdb,A,529,385,385,A,0.0,100.0,100.0,529,98.05,1,529,1,529,AF-P09769-F1-model_v4.pdb_sp|P09769|FGR_HUMAN_A_NA_NA,Structure
1_27941044_G/A,1:27941044,A,ENSG00000000938,ENST00000374005,Transcript,synonymous_variant,1435,1146,382,D,gaC/gaT,-,IMPACT=LOW;STRAND=-1;SOURCE=Homo_sapiens.GRCh37.87.gtf.sorted.gz,sp|P09769|FGR_HUMAN,529,D,AF-P09769-F1-model_v4.pdb,A,529,382,382,D,0.0,100.0,100.0,529,92.37,1,529,1,529,AF-P09769-F1-model_v4.pdb_sp|P09769|FGR_HUMAN_A_NA_NA,Structure
1_27941049_G/T,1:27941049,T,ENSG00000000938,ENST00000374005,Transcript,missense_variant,1430,1141,381,R/S,Cgc/Agc,-,IMPACT=MODERATE;STRAND=-1;SOURCE=Homo_sapiens.GRCh37.87.gtf.sorted.gz,sp|P09769|FGR_HUMAN,529,R,AF-P09769-F1-model_v4.pdb,A,529,381,381,R,0.0,100.0,100.0,529,92.96,1,529,1,529,AF-P09769-F1-model_v4.pdb_sp|P09769|FGR_HUMAN_A_NA_NA,Structure
1_27941060_T/C,1:27941060,C,ENSG00000000938,ENST00000374005,Transcript,missense_variant,1419,1130,377,N/S,aAc/aGc,-,IMPACT=MODERATE;STRAND=-1;SOURCE=Homo_sapiens.GRCh37.87.gtf.sorted.gz,sp|P09769|FGR_HUMAN,529,N,AF-P09769-F1-model_v4.pdb,A,529,377,377,N,0.0,100.0,100.0,529,93.24,1,529,1,529,AF-P09769-F1-model_v4.pdb_sp|P09769|FGR_HUMAN_A_NA_NA,Structure
1_27941062_C/A,1:27941062,A,ENSG00000000938,ENST00000374005,Transcript,missense_variant,1417,1128,376,M/I,atG/atT,-,IMPACT=MODERATE;STRAND=-1;SOURCE=Homo_sapiens.GRCh37.87.gtf.sorted.gz,sp|P09769|FGR_HUMAN,529,M,AF-P09769-F1-model_v4.pdb,A,529,376,376,M,0.0,100.0,100.0,529,94.8,1,529,1,529,AF-P09769-F1-model_v4.pdb_sp|P09769|FGR_HUMAN_A_NA_NA,Structure
1_27941079_C/T,1:27941079,T,ENSG00000000938,ENST00000374005,Transcript,missense_variant,1400,1111,371,A/T,Gcc/Acc,-,IMPACT=MODERATE;STRAND=-1;SOURCE=Homo_sapiens.GRCh37.87.gtf.sorted.gz,sp|P09769|FGR_HUMAN,529,A,AF-P09769-F1-model_v4.pdb,A,529,371,371,A,0.0,100.0,100.0,529,98.35,1,529,1,529,AF-P09769-F1-model_v4.pdb_sp|P09769|FGR_HUMAN_A_NA_NA,Structure
1_27941086_C/A,1:27941086,A,ENSG00000000938,ENST00000374005,Transcript,missense_variant,1393,1104,368,E/D,gaG/gaT,-,IMPACT=MODERATE;STRAND=-1;SOURCE=Homo_sapiens.GRCh37.87.gtf.sorted.gz,sp|P09769|FGR_HUMAN,529,E,AF-P09769-F1-model_v4.pdb,A,529,368,368,E,0.0,100.0,100.0,529,98.16,1,529,1,529,AF-P09769-F1-model_v4.pdb_sp|P09769|FGR_HUMAN_A_NA_NA,Structure
1_27941376_C/A,1:27941376,A,ENSG00000000938,ENST00000374005,Transcript,synonymous_variant,1369,1080,360,V,gtG/gtT,-,IMPACT=LOW;STRAND=-1;SOURCE=Homo_sapiens.GRCh37.87.gtf.sorted.gz,sp|P09769|FGR_HUMAN,529,V,AF-P09769-F1-model_v4.pdb,A,529,360,360,V,0.0,100.0,100.0,529,96.11,1,529,1,529,AF-P09769-F1-model_v4.pdb_sp|P09769|FGR_HUMAN_A_NA_NA,Structure
1_27941400_C/T,1:27941400,T,ENSG00000000938,ENST00000374005,Transcript,synonymous_variant,1345,1056,352,Q,caG/caA,-,IMPACT=LOW;STRAND=-1;SOURCE=Homo_sapiens.GRCh37.87.gtf.sorted.gz,sp|P09769|FGR_HUMAN,529,Q,AF-P09769-F1-model_v4.pdb,A,529,352,352,Q,0.0,100.0,100.0,529,96.59,1,529,1,529,AF-P09769-F1-model_v4.pdb_sp|P09769|FGR_HUMAN_A_NA_NA,Structure
1_27941404_C/T,1:27941404,T,ENSG00000000938,ENST00000374005,Transcript,missense_variant,1341,1052,351,G/D,gGc/gAc,-,IMPACT=MODERATE;STRAND=-1;SOURCE=Homo_sapiens.GRCh37.87.gtf.sorted.gz,sp|P09769|FGR_HUMAN,529,G,AF-P09769-F1-model_v4.pdb,A,529,351,351,G,0.0,100.0,100.0,529,96.35,1,529,1,529,AF-P09769-F1-model_v4.pdb_sp|P09769|FGR_HUMAN_A_NA_NA,Structure
1_27941432_A/G,1:27941432,G,ENSG00000000938,ENST00000374005,Transcript,synonymous_variant,1313,1024,342,L,Ttg/Ctg,-,IMPACT=LOW;STRAND=-1;SOURCE=Homo_sapiens.GRCh37.87.gtf.sorted.gz,sp|P09769|FGR_HUMAN,529,L,AF-P09769-F1-model_v4.pdb,A,529,342,342,L,0.0,100.0,100.0,529,98.41,1,529,1,529,AF-P09769-F1-model_v4.pdb_sp|P09769|FGR_HUMAN_A_NA_NA,Structure
1_27941437_C/T,1:27941437,T,ENSG00000000938,ENST00000374005,Transcript,"missense_variant,splice_region_variant",1308,1019,340,G/D,gGc/gAc,-,IMPACT=MODERATE;STRAND=-1;SOURCE=Homo_sapiens.GRCh37.87.gtf.sorted.gz,sp|P09769|FGR_HUMAN,529,G,AF-P09769-F1-model_v4.pdb,A,529,340,340,G,0.0,100.0,100.0,529,95.93,1,529,1,529,AF-P09769-F1-model_v4.pdb_sp|P09769|FGR_HUMAN_A_NA_NA,Structure
1_27941955_G/T,1:27941955,T,ENSG00000000938,ENST00000374005,Transcript,missense_variant,1297,1008,336,F/L,ttC/ttA,-,IMPACT=MODERATE;STRAND=-1;SOURCE=Homo_sapiens.GRCh37.87.gtf.sorted.gz,sp|P09769|FGR_HUMAN,529,F,AF-P09769-F1-model_v4.pdb,A,529,336,336,F,0.0,100.0,100.0,529,95.21,1,529,1,529,AF-P09769-F1-model_v4.pdb_sp|P09769|FGR_HUMAN_A_NA_NA,Structure
1_27941981_C/T,1:27941981,T,ENSG00000000938,ENST00000374005,Transcript,missense_variant,1271,982,328,E/K,Gag/Aag,-,IMPACT=MODERATE;STRAND=-1;SOURCE=Homo_sapiens.GRCh37.87.gtf.sorted.gz,sp|P09769|FGR_HUMAN,529,E,AF-P09769-F1-model_v4.pdb,A,529,328,328,E,0.0,100.0,100.0,529,90.99,1,529,1,529,AF-P09769-F1-model_v4.pdb_sp|P09769|FGR_HUMAN_A_NA_NA,Structure
1_27941993_C/T,1:27941993,T,ENSG00000000938,ENST00000374005,Transcript,missense_variant,1259,970,324,V/M,Gtg/Atg,-,IMPACT=MODERATE;STRAND=-1;SOURCE=Homo_sapiens.GRCh37.87.gtf.sorted.gz,sp|P09769|FGR_HUMAN,529,V,AF-P09769-F1-model_v4.pdb,A,529,324,324,V,0.0,100.0,100.0,529,95.56,1,529,1,529,AF-P09769-F1-model_v4.pdb_sp|P09769|FGR_HUMAN_A_NA_NA,Structure
1_27941994_G/T,1:27941994,T,ENSG00000000938,ENST00000374005,Transcript,synonymous_variant,1258,969,323,A,gcC/gcA,-,IMPACT=LOW;STRAND=-1;SOURCE=Homo_sapiens.GRCh37.87.gtf.sorted.gz,sp|P09769|FGR_HUMAN,529,A,AF-P09769-F1-model_v4.pdb,A,529,323,323,A,0.0,100.0,100.0,529,95.02,1,529,1,529,AF-P09769-F1-model_v4.pdb_sp|P09769|FGR_HUMAN_A_NA_NA,Structure
1_27941996_C/T,1:27941996,T,ENSG00000000938,ENST00000374005,Transcript,missense_variant,1256,967,323,A/T,Gcc/Acc,-,IMPACT=MODERATE;STRAND=-1;SOURCE=Homo_sapiens.GRCh37.87.gtf.sorted.gz,sp|P09769|FGR_HUMAN,529,A,AF-P09769-F1-model_v4.pdb,A,529,323,323,A,0.0,100.0,100.0,529,95.02,1,529,1,529,AF-P09769-F1-model_v4.pdb_sp|P09769|FGR_HUMAN_A_NA_NA,Structure
1_27942002_G/T,1:27942002,T,ENSG00000000938,ENST00000374005,Transcript,missense_variant,1250,961,321,L/M,Ctg/Atg,-,IMPACT=MODERATE;STRAND=-1;SOURCE=Homo_sapiens.GRCh37.87.gtf.sorted.gz,sp|P09769|FGR_HUMAN,529,L,AF-P09769-F1-model_v4.pdb,A,529,321,321,L,0.0,100.0,100.0,529,93.63,1,529,1,529,AF-P09769-F1-model_v4.pdb_sp|P09769|FGR_HUMAN_A_NA_NA,Structure
1_27942008_C/T,1:27942008,T,ENSG00000000938,ENST00000374005,Transcript,missense_variant,1244,955,319,V/M,Gtg/Atg,-,IMPACT=MODERATE;STRAND=-1;SOURCE=Homo_sapiens.GRCh37.87.gtf.sorted.gz,sp|P09769|FGR_HUMAN,529,V,AF-P09769-F1-model_v4.pdb,A,529,319,319,V,0.0,100.0,100.0,529,95.83,1,529,1,529,AF-P09769-F1-model_v4.pdb_sp|P09769|FGR_HUMAN_A_NA_NA,Structure
1_27942022_C/A,1:27942022,A,ENSG00000000938,ENST00000374005,Transcript,missense_variant,1230,941,314,R/L,cGg/cTg,-,IMPACT=MODERATE;STRAND=-1;SOURCE=Homo_sapiens.GRCh37.87.gtf.sorted.gz,sp|P09769|FGR_HUMAN,529,R,AF-P09769-F1-model_v4.pdb,A,529,314,314,R,0.0,100.0,100.0,529,90.73,1,529,1,529,AF-P09769-F1-model_v4.pdb_sp|P09769|FGR_HUMAN_A_NA_NA,Structure
1_27942022_C/T,1:27942022,T,ENSG00000000938,ENST00000374005,Transcript,missense_variant,1230,941,314,R/Q,cGg/cAg,-,IMPACT=MODERATE;STRAND=-1;SOURCE=Homo_sapiens.GRCh37.87.gtf.sorted.gz,sp|P09769|FGR_HUMAN,529,R,AF-P09769-F1-model_v4.pdb,A,529,314,314,R,0.0,100.0,100.0,529,90.73,1,529,1,529,AF-P09769-F1-model_v4.pdb_sp|P09769|FGR_HUMAN_A_NA_NA,Structure
1_27942047_C/T,1:27942047,T,ENSG00000000938,ENST00000374005,Transcript,missense_variant,1205,916,306,E/K,Gag/Aag,-,IMPACT=MODERATE;STRAND=-1;SOURCE=Homo_sapiens.GRCh37.87.gtf.sorted.gz,sp|P09769|FGR_HUMAN,529,E,AF-P09769-F1-model_v4.pdb,A,529,306,306,E,0.0,100.0,100.0,529,86.07,1,529,1,529,AF-P09769-F1-model_v4.pdb_sp|P09769|FGR_HUMAN_A_NA_NA,Structure
1_27942052_A/G,1:27942052,G,ENSG00000000938,ENST00000374005,Transcript,missense_variant,1200,911,304,L/P,cTg/cCg,-,IMPACT=MODERATE;STRAND=-1;SOURCE=Homo_sapiens.GRCh37.87.gtf.sorted.gz,sp|P09769|FGR_HUMAN,529,L,AF-P09769-F1-model_v4.pdb,A,529,304,304,L,0.0,100.0,100.0,529,90.11,1,529,1,529,AF-P09769-F1-model_v4.pdb_sp|P09769|FGR_HUMAN_A_NA_NA,Structure
1_27942056_A/G,1:27942056,G,ENSG00000000938,ENST00000374005,Transcript,missense_variant,1196,907,303,F/L,Ttc/Ctc,-,IMPACT=MODERATE;STRAND=-1;SOURCE=Homo_sapiens.GRCh37.87.gtf.sorted.gz,sp|P09769|FGR_HUMAN,529,F,AF-P09769-F1-model_v4.pdb,A,529,303,303,F,0.0,100.0,100.0,529,89.6,1,529,1,529,AF-P09769-F1-model_v4.pdb_sp|P09769|FGR_HUMAN_A_NA_NA,Structure
1_27942064_G/T,1:27942064,T,ENSG00000000938,ENST00000374005,Transcript,missense_variant,1188,899,300,P/Q,cCg/cAg,-,IMPACT=MODERATE;STRAND=-1;SOURCE=Homo_sapiens.GRCh37.87.gtf.sorted.gz,sp|P09769|FGR_HUMAN,529,P,AF-P09769-F1-model_v4.pdb,A,529,300,300,P,0.0,100.0,100.0,529,89.19,1,529,1,529,AF-P09769-F1-model_v4.pdb_sp|P09769|FGR_HUMAN_A_NA_NA,Structure
1_27942078_C/T,1:27942078,T,ENSG00000000938,ENST00000374005,Transcript,synonymous_variant,1174,885,295,P,ccG/ccA,-,IMPACT=LOW;STRAND=-1;SOURCE=Homo_sapiens.GRCh37.87.gtf.sorted.gz,sp|P09769|FGR_HUMAN,529,P,AF-P09769-F1-model_v4.pdb,A,529,295,295,P,0.0,100.0,100.0,529,89.28,1,529,1,529,AF-P09769-F1-model_v4.pdb_sp|P09769|FGR_HUMAN_A_NA_NA,Structure
1_27942087_C/T,1:27942087,T,ENSG00000000938,ENST00000374005,Transcript,synonymous_variant,1165,876,292,T,acG/acA,-,IMPACT=LOW;STRAND=-1;SOURCE=Homo_sapiens.GRCh37.87.gtf.sorted.gz,sp|P09769|FGR_HUMAN,529,T,AF-P09769-F1-model_v4.pdb,A,529,292,292,T,0.0,100.0,100.0,529,93.96,1,529,1,529,AF-P09769-F1-model_v4.pdb_sp|P09769|FGR_HUMAN_A_NA_NA,Structure
1_27942093_C/T,1:27942093,T,ENSG00000000938,ENST00000374005,Transcript,synonymous_variant,1159,870,290,V,gtG/gtA,-,IMPACT=LOW;STRAND=-1;SOURCE=Homo_sapiens.GRCh37.87.gtf.sorted.gz,sp|P09769|FGR_HUMAN,529,V,AF-P09769-F1-model_v4.pdb,A,529,290,290,V,0.0,100.0,100.0,529,96.96,1,529,1,529,AF-P09769-F1-model_v4.pdb_sp|P09769|FGR_HUMAN_A_NA_NA,Structure
1_27942113_C/T,1:27942113,T,ENSG00000000938,ENST00000374005,Transcript,missense_variant,1139,850,284,G/S,Ggc/Agc,-,IMPACT=MODERATE;STRAND=-1;SOURCE=Homo_sapiens.GRCh37.87.gtf.sorted.gz,sp|P09769|FGR_HUMAN,529,G,AF-P09769-F1-model_v4.pdb,A,529,284,284,G,0.0,100.0,100.0,529,92.26,1,529,1,529,AF-P09769-F1-model_v4.pdb_sp|P09769|FGR_HUMAN_A_NA_NA,Structure
1_27942117_C/T,1:27942117,T,ENSG00000000938,ENST00000374005,Transcript,stop_gained,1135,846,282,W/*,tgG/tgA,-,IMPACT=HIGH;STRAND=-1;SOURCE=Homo_sapiens.GRCh37.87.gtf.sorted.gz,sp|P09769|FGR_HUMAN,529,W,AF-P09769-F1-model_v4.pdb,A,529,282,282,W,0.0,100.0,100.0,529,96.52,1,529,1,529,AF-P09769-F1-model_v4.pdb_sp|P09769|FGR_HUMAN_A_NA_NA,Structure
1_27942229_C/G,1:27942229,G,ENSG00000000938,ENST00000374005,Transcript,missense_variant,1098,809,270,G/A,gGc/gCc,-,IMPACT=MODERATE;STRAND=-1;SOURCE=Homo_sapiens.GRCh37.87.gtf.sorted.gz,sp|P09769|FGR_HUMAN,529,G,AF-P09769-F1-model_v4.pdb,A,529,270,270,G,0.0,100.0,100.0,529,87.77,1,529,1,529,AF-P09769-F1-model_v4.pdb_sp|P09769|FGR_HUMAN_A_NA_NA,Structure
1_27942236_G/A,1:27942236,A,ENSG00000000938,ENST00000374005,Transcript,missense_variant,1091,802,268,R/W,Cgg/Tgg,-,IMPACT=MODERATE;STRAND=-1;SOURCE=Homo_sapiens.GRCh37.87.gtf.sorted.gz,sp|P09769|FGR_HUMAN,529,R,AF-P09769-F1-model_v4.pdb,A,529,268,268,R,0.0,100.0,100.0,529,95.79,1,529,1,529,AF-P09769-F1-model_v4.pdb_sp|P09769|FGR_HUMAN_A_NA_NA,Structure
1_27942257_T/C,1:27942257,C,ENSG00000000938,ENST00000374005,Transcript,missense_variant,1070,781,261,S/G,Agc/Ggc,-,IMPACT=MODERATE;STRAND=-1;SOURCE=Homo_sapiens.GRCh37.87.gtf.sorted.gz,sp|P09769|FGR_HUMAN,529,S,AF-P09769-F1-model_v4.pdb,A,529,261,261,S,0.0,100.0,100.0,529,96.05,1,529,1,529,AF-P09769-F1-model_v4.pdb_sp|P09769|FGR_HUMAN_A_NA_NA,Structure
1_27942260_G/A,1:27942260,A,ENSG00000000938,ENST00000374005,Transcript,missense_variant,1067,778,260,R/C,Cgc/Tgc,-,IMPACT=MODERATE;STRAND=-1;SOURCE=Homo_sapiens.GRCh37.87.gtf.sorted.gz,sp|P09769|FGR_HUMAN,529,R,AF-P09769-F1-model_v4.pdb,A,529,260,260,R,0.0,100.0,100.0,529,96.24,1,529,1,529,AF-P09769-F1-model_v4.pdb_sp|P09769|FGR_HUMAN_A_NA_NA,Structure
1_27942264_G/A,1:27942264,A,ENSG00000000938,ENST00000374005,Transcript,synonymous_variant,1063,774,258,I,atC/atT,-,IMPACT=LOW;STRAND=-1;SOURCE=Homo_sapiens.GRCh37.87.gtf.sorted.gz,sp|P09769|FGR_HUMAN,529,I,AF-P09769-F1-model_v4.pdb,A,529,258,258,I,0.0,100.0,100.0,529,94.74,1,529,1,529,AF-P09769-F1-model_v4.pdb_sp|P09769|FGR_HUMAN_A_NA_NA,Structure
1_27942275_C/T,1:27942275,T,ENSG00000000938,ENST00000374005,Transcript,missense_variant,1052,763,255,A/T,Gcc/Acc,-,IMPACT=MODERATE;STRAND=-1;SOURCE=Homo_sapiens.GRCh37.87.gtf.sorted.gz,sp|P09769|FGR_HUMAN,529,A,AF-P09769-F1-model_v4.pdb,A,529,255,255,A,0.0,100.0,100.0,529,88.42,1,529,1,529,AF-P09769-F1-model_v4.pdb_sp|P09769|FGR_HUMAN_A_NA_NA,Structure
1_27942301_G/A,1:27942301,A,ENSG00000000938,ENST00000374005,Transcript,missense_variant,1026,737,246,P/L,cCg/cTg,-,IMPACT=MODERATE;STRAND=-1;SOURCE=Homo_sapiens.GRCh37.87.gtf.sorted.gz,sp|P09769|FGR_HUMAN,529,P,AF-P09769-F1-model_v4.pdb,A,529,246,246,P,0.0,100.0,100.0,529,85.89,1,529,1,529,AF-P09769-F1-model_v4.pdb_sp|P09769|FGR_HUMAN_A_NA_NA,Structure
1_27942321_C/T,1:27942321,T,ENSG00000000938,ENST00000374005,Transcript,synonymous_variant,1006,717,239,A,gcG/gcA,-,IMPACT=LOW;STRAND=-1;SOURCE=Homo_sapiens.GRCh37.87.gtf.sorted.gz,sp|P09769|FGR_HUMAN,529,A,AF-P09769-F1-model_v4.pdb,A,529,239,239,A,0.0,100.0,100.0,529,95.62,1,529,1,529,AF-P09769-F1-model_v4.pdb_sp|P09769|FGR_HUMAN_A_NA_NA,Structure
1_27943369_C/A,1:27943369,A,ENSG00000000938,ENST00000374005,Transcript,"missense_variant,splice_region_variant",970,681,227,M/I,atG/atT,-,IMPACT=MODERATE;STRAND=-1;SOURCE=Homo_sapiens.GRCh37.87.gtf.sorted.gz,sp|P09769|FGR_HUMAN,529,M,AF-P09769-F1-model_v4.pdb,A,529,227,227,M,0.0,100.0,100.0,529,96.62,1,529,1,529,AF-P09769-F1-model_v4.pdb_sp|P09769|FGR_HUMAN_A_NA_NA,Structure
1_27943397_G/A,1:27943397,A,ENSG00000000938,ENST00000374005,Transcript,missense_variant,942,653,218,S/L,tCg/tTg,-,IMPACT=MODERATE;STRAND=-1;SOURCE=Homo_sapiens.GRCh37.87.gtf.sorted.gz,sp|P09769|FGR_HUMAN,529,S,AF-P09769-F1-model_v4.pdb,A,529,218,218,S,0.0,100.0,100.0,529,94.05,1,529,1,529,AF-P09769-F1-model_v4.pdb_sp|P09769|FGR_HUMAN_A_NA_NA,Structure
1_27943402_G/A,1:27943402,A,ENSG00000000938,ENST00000374005,Transcript,synonymous_variant,937,648,216,F,ttC/ttT,-,IMPACT=LOW;STRAND=-1;SOURCE=Homo_sapiens.GRCh37.87.gtf.sorted.gz,sp|P09769|FGR_HUMAN,529,F,AF-P09769-F1-model_v4.pdb,A,529,216,216,F,0.0,100.0,100.0,529,95.8,1,529,1,529,AF-P09769-F1-model_v4.pdb_sp|P09769|FGR_HUMAN_A_NA_NA,Structure
1_27943412_C/T,1:27943412,T,ENSG00000000938,ENST00000374005,Transcript,missense_variant,927,638,213,R/Q,cGg/cAg,-,IMPACT=MODERATE;STRAND=-1;SOURCE=Homo_sapiens.GRCh37.87.gtf.sorted.gz,sp|P09769|FGR_HUMAN,529,R,AF-P09769-F1-model_v4.pdb,A,529,213,213,R,0.0,100.0,100.0,529,89.21,1,529,1,529,AF-P09769-F1-model_v4.pdb_sp|P09769|FGR_HUMAN_A_NA_NA,Structure
1_27943431_C/T,1:27943431,T,ENSG00000000938,ENST00000374005,Transcript,missense_variant,908,619,207,G/S,Ggc/Agc,-,IMPACT=MODERATE;STRAND=-1;SOURCE=Homo_sapiens.GRCh37.87.gtf.sorted.gz,sp|P09769|FGR_HUMAN,529,G,AF-P09769-F1-model_v4.pdb,A,529,207,207,G,0.0,100.0,100.0,529,91.98,1,529,1,529,AF-P09769-F1-model_v4.pdb_sp|P09769|FGR_HUMAN_A_NA_NA,Structure
1_27943445_T/A,1:27943445,A,ENSG00000000938,ENST00000374005,Transcript,missense_variant,894,605,202,K/I,aAa/aTa,-,IMPACT=MODERATE;STRAND=-1;SOURCE=Homo_sapiens.GRCh37.87.gtf.sorted.gz,sp|P09769|FGR_HUMAN,529,K,AF-P09769-F1-model_v4.pdb,A,529,202,202,K,0.0,100.0,100.0,529,90.58,1,529,1,529,AF-P09769-F1-model_v4.pdb_sp|P09769|FGR_HUMAN_A_NA_NA,Structure
1_27943449_G/A,1:27943449,A,ENSG00000000938,ENST00000374005,Transcript,missense_variant,890,601,201,R/C,Cgc/Tgc,-,IMPACT=MODERATE;STRAND=-1;SOURCE=Homo_sapiens.GRCh37.87.gtf.sorted.gz,sp|P09769|FGR_HUMAN,529,R,AF-P09769-F1-model_v4.pdb,A,529,201,201,R,0.0,100.0,100.0,529,91.83,1,529,1,529,AF-P09769-F1-model_v4.pdb_sp|P09769|FGR_HUMAN_A_NA_NA,Structure
1_27943473_C/T,1:27943473,T,ENSG00000000938,ENST00000374005,Transcript,missense_variant,866,577,193,D/N,Gat/Aat,-,IMPACT=MODERATE;STRAND=-1;SOURCE=Homo_sapiens.GRCh37.87.gtf.sorted.gz,sp|P09769|FGR_HUMAN,529,D,AF-P09769-F1-model_v4.pdb,A,529,193,193,D,0.0,100.0,100.0,529,91.57,1,529,1,529,AF-P09769-F1-model_v4.pdb_sp|P09769|FGR_HUMAN_A_NA_NA,Structure
1_27943474_G/A,1:27943474,A,ENSG00000000938,ENST00000374005,Transcript,synonymous_variant,865,576,192,G,ggC/ggT,-,IMPACT=LOW;STRAND=-1;SOURCE=Homo_sapiens.GRCh37.87.gtf.sorted.gz,sp|P09769|FGR_HUMAN,529,G,AF-P09769-F1-model_v4.pdb,A,529,192,192,G,0.0,100.0,100.0,529,90.29,1,529,1,529,AF-P09769-F1-model_v4.pdb_sp|P09769|FGR_HUMAN_A_NA_NA,Structure
1_27943478_C/A,1:27943478,A,ENSG00000000938,ENST00000374005,Transcript,missense_variant,861,572,191,R/I,aGa/aTa,-,IMPACT=MODERATE;STRAND=-1;SOURCE=Homo_sapiens.GRCh37.87.gtf.sorted.gz,sp|P09769|FGR_HUMAN,529,R,AF-P09769-F1-model_v4.pdb,A,529,191,191,R,0.0,100.0,100.0,529,83.18,1,529,1,529,AF-P09769-F1-model_v4.pdb_sp|P09769|FGR_HUMAN_A_NA_NA,Structure
1_27943478_C/G,1:27943478,G,ENSG00000000938,ENST00000374005,Transcript,missense_variant,861,572,191,R/T,aGa/aCa,-,IMPACT=MODERATE;STRAND=-1;SOURCE=Homo_sapiens.GRCh37.87.gtf.sorted.gz,sp|P09769|FGR_HUMAN,529,R,AF-P09769-F1-model_v4.pdb,A,529,191,191,R,0.0,100.0,100.0,529,83.18,1,529,1,529,AF-P09769-F1-model_v4.pdb_sp|P09769|FGR_HUMAN_A_NA_NA,Structure
1_27943508_G/A,1:27943508,A,ENSG00000000938,ENST00000374005,Transcript,missense_variant,831,542,181,S/F,tCc/tTc,-,IMPACT=MODERATE;STRAND=-1;SOURCE=Homo_sapiens.GRCh37.87.gtf.sorted.gz,sp|P09769|FGR_HUMAN,529,S,AF-P09769-F1-model_v4.pdb,A,529,181,181,S,0.0,100.0,100.0,529,97.33,1,529,1,529,AF-P09769-F1-model_v4.pdb_sp|P09769|FGR_HUMAN_A_NA_NA,Structure
1_27943514_G/A,1:27943514,A,ENSG00000000938,ENST00000374005,Transcript,missense_variant,825,536,179,A/V,gCc/gTc,-,IMPACT=MODERATE;STRAND=-1;SOURCE=Homo_sapiens.GRCh37.87.gtf.sorted.gz,sp|P09769|FGR_HUMAN,529,A,AF-P09769-F1-model_v4.pdb,A,529,179,179,A,0.0,100.0,100.0,529,92.26,1,529,1,529,AF-P09769-F1-model_v4.pdb_sp|P09769|FGR_HUMAN_A_NA_NA,Structure
1_27943704_C/A,1:27943704,A,ENSG00000000938,ENST00000374005,Transcript,"missense_variant,splice_region_variant",821,532,178,G/C,Ggt/Tgt,-,IMPACT=MODERATE;STRAND=-1;SOURCE=Homo_sapiens.GRCh37.87.gtf.sorted.gz,sp|P09769|FGR_HUMAN,529,G,AF-P09769-F1-model_v4.pdb,A,529,178,178,G,0.0,100.0,100.0,529,85.98,1,529,1,529,AF-P09769-F1-model_v4.pdb_sp|P09769|FGR_HUMAN_A_NA_NA,Structure
1_27943717_G/A,1:27943717,A,ENSG00000000938,ENST00000374005,Transcript,synonymous_variant,808,519,173,S,agC/agT,-,IMPACT=LOW;STRAND=-1;SOURCE=Homo_sapiens.GRCh37.87.gtf.sorted.gz,sp|P09769|FGR_HUMAN,529,S,AF-P09769-F1-model_v4.pdb,A,529,173,173,S,0.0,100.0,100.0,529,93.78,1,529,1,529,AF-P09769-F1-model_v4.pdb_sp|P09769|FGR_HUMAN_A_NA_NA,Structure
1_27943722_C/T,1:27943722,T,ENSG00000000938,ENST00000374005,Transcript,missense_variant,803,514,172,E/K,Gaa/Aaa,-,IMPACT=MODERATE;STRAND=-1;SOURCE=Homo_sapiens.GRCh37.87.gtf.sorted.gz,sp|P09769|FGR_HUMAN,529,E,AF-P09769-F1-model_v4.pdb,A,529,172,172,E,0.0,100.0,100.0,529,95.76,1,529,1,529,AF-P09769-F1-model_v4.pdb_sp|P09769|FGR_HUMAN_A_NA_NA,Structure
1_27943736_G/A,1:27943736,A,ENSG00000000938,ENST00000374005,Transcript,missense_variant,789,500,167,A/V,gCc/gTc,-,IMPACT=MODERATE;STRAND=-1;SOURCE=Homo_sapiens.GRCh37.87.gtf.sorted.gz,sp|P09769|FGR_HUMAN,529,A,AF-P09769-F1-model_v4.pdb,A,529,167,167,A,0.0,100.0,100.0,529,97.74,1,529,1,529,AF-P09769-F1-model_v4.pdb_sp|P09769|FGR_HUMAN_A_NA_NA,Structure
1_27943740_C/T,1:27943740,T,ENSG00000000938,ENST00000374005,Transcript,missense_variant,785,496,166,G/R,Ggg/Agg,-,IMPACT=MODERATE;STRAND=-1;SOURCE=Homo_sapiens.GRCh37.87.gtf.sorted.gz,sp|P09769|FGR_HUMAN,529,G,AF-P09769-F1-model_v4.pdb,A,529,166,166,G,0.0,100.0,100.0,529,96.57,1,529,1,529,AF-P09769-F1-model_v4.pdb_sp|P09769|FGR_HUMAN_A_NA_NA,Structure
1_27943786_C/T,1:27943786,T,ENSG00000000938,ENST00000374005,Transcript,synonymous_variant,739,450,150,G,ggG/ggA,-,IMPACT=LOW;STRAND=-1;SOURCE=Homo_sapiens.GRCh37.87.gtf.sorted.gz,sp|P09769|FGR_HUMAN,529,G,AF-P09769-F1-model_v4.pdb,A,529,150,150,G,0.0,100.0,100.0,529,91.65,1,529,1,529,AF-P09769-F1-model_v4.pdb_sp|P09769|FGR_HUMAN_A_NA_NA,Structure
1_27943796_C/T,1:27943796,T,ENSG00000000938,ENST00000374005,Transcript,missense_variant,729,440,147,G/E,gGa/gAa,-,IMPACT=MODERATE;STRAND=-1;SOURCE=Homo_sapiens.GRCh37.87.gtf.sorted.gz,sp|P09769|FGR_HUMAN,529,G,AF-P09769-F1-model_v4.pdb,A,529,147,147,G,0.0,100.0,100.0,529,92.78,1,529,1,529,AF-P09769-F1-model_v4.pdb_sp|P09769|FGR_HUMAN_A_NA_NA,Structure
1_27948071_C/T,1:27948071,T,ENSG00000000938,ENST00000374005,Transcript,"missense_variant,splice_region_variant",716,427,143,E/K,Gag/Aag,-,IMPACT=MODERATE;STRAND=-1;SOURCE=Homo_sapiens.GRCh37.87.gtf.sorted.gz,sp|P09769|FGR_HUMAN,529,E,AF-P09769-F1-model_v4.pdb,A,529,143,143,E,0.0,100.0,100.0,529,91.33,1,529,1,529,AF-P09769-F1-model_v4.pdb_sp|P09769|FGR_HUMAN_A_NA_NA,Structure
1_27948081_G/A,1:27948081,A,ENSG00000000938,ENST00000374005,Transcript,synonymous_variant,706,417,139,I,atC/atT,-,IMPACT=LOW;STRAND=-1;SOURCE=Homo_sapiens.GRCh37.87.gtf.sorted.gz,sp|P09769|FGR_HUMAN,529,I,7jt9-assembly1.cif,A,71,153,64,L,5.01e-41,96.875,12.0982986767486,64,21.76,77,140,2,65,7jt9-assembly1.cif_sp|P09769|FGR_HUMAN_A_NA_NA,Structure
1_27948081_G/A,1:27948081,A,ENSG00000000938,ENST00000374005,Transcript,synonymous_variant,706,417,139,I,atC/atT,-,IMPACT=LOW;STRAND=-1;SOURCE=Homo_sapiens.GRCh37.87.gtf.sorted.gz,sp|P09769|FGR_HUMAN,529,I,AF-P09769-F1-model_v4.pdb,A,529,139,139,I,0.0,100.0,100.0,529,92.51,1,529,1,529,AF-P09769-F1-model_v4.pdb_sp|P09769|FGR_HUMAN_A_NA_NA,Structure
1_27948095_G/T,1:27948095,T,ENSG00000000938,ENST00000374005,Transcript,missense_variant,692,403,135,P/T,Cct/Act,-,IMPACT=MODERATE;STRAND=-1;SOURCE=Homo_sapiens.GRCh37.87.gtf.sorted.gz,sp|P09769|FGR_HUMAN,529,P,7jt9-assembly1.cif,A,71,149,60,P,5.01e-41,96.875,12.0982986767486,64,20.93,77,140,2,65,7jt9-assembly1.cif_sp|P09769|FGR_HUMAN_A_NA_NA,Structure
1_27948095_G/T,1:27948095,T,ENSG00000000938,ENST00000374005,Transcript,missense_variant,692,403,135,P/T,Cct/Act,-,IMPACT=MODERATE;STRAND=-1;SOURCE=Homo_sapiens.GRCh37.87.gtf.sorted.gz,sp|P09769|FGR_HUMAN,529,P,AF-P09769-F1-model_v4.pdb,A,529,135,135,P,0.0,100.0,100.0,529,94.99,1,529,1,529,AF-P09769-F1-model_v4.pdb_sp|P09769|FGR_HUMAN_A_NA_NA,Structure
1_27948152_C/T,1:27948152,T,ENSG00000000938,ENST00000374005,Transcript,missense_variant,635,346,116,E/K,Gag/Aag,-,IMPACT=MODERATE;STRAND=-1;SOURCE=Homo_sapiens.GRCh37.87.gtf.sorted.gz,sp|P09769|FGR_HUMAN,529,E,7jt9-assembly1.cif,A,71,130,41,E,5.01e-41,96.875,12.0982986767486,64,17.33,77,140,2,65,7jt9-assembly1.cif_sp|P09769|FGR_HUMAN_A_NA_NA,Structure
1_27948152_C/T,1:27948152,T,ENSG00000000938,ENST00000374005,Transcript,missense_variant,635,346,116,E/K,Gag/Aag,-,IMPACT=MODERATE;STRAND=-1;SOURCE=Homo_sapiens.GRCh37.87.gtf.sorted.gz,sp|P09769|FGR_HUMAN,529,E,AF-P09769-F1-model_v4.pdb,A,529,116,116,E,0.0,100.0,100.0,529,94.21,1,529,1,529,AF-P09769-F1-model_v4.pdb_sp|P09769|FGR_HUMAN_A_NA_NA,Structure
1_27948154_C/A,1:27948154,A,ENSG00000000938,ENST00000374005,Transcript,missense_variant,633,344,115,W/L,tGg/tTg,-,IMPACT=MODERATE;STRAND=-1;SOURCE=Homo_sapiens.GRCh37.87.gtf.sorted.gz,sp|P09769|FGR_HUMAN,529,W,7jt9-assembly1.cif,A,71,129,40,W,5.01e-41,96.875,12.0982986767486,64,17.5,77,140,2,65,7jt9-assembly1.cif_sp|P09769|FGR_HUMAN_A_NA_NA,Structure
1_27948154_C/A,1:27948154,A,ENSG00000000938,ENST00000374005,Transcript,missense_variant,633,344,115,W/L,tGg/tTg,-,IMPACT=MODERATE;STRAND=-1;SOURCE=Homo_sapiens.GRCh37.87.gtf.sorted.gz,sp|P09769|FGR_HUMAN,529,W,AF-P09769-F1-model_v4.pdb,A,529,115,115,W,0.0,100.0,100.0,529,94.25,1,529,1,529,AF-P09769-F1-model_v4.pdb_sp|P09769|FGR_HUMAN_A_NA_NA,Structure
1_27949568_T/C,1:27949568,C,ENSG00000000938,ENST00000374005,Transcript,missense_variant,603,314,105,H/R,cAc/cGc,-,IMPACT=MODERATE;STRAND=-1;SOURCE=Homo_sapiens.GRCh37.87.gtf.sorted.gz,sp|P09769|FGR_HUMAN,529,H,7jt9-assembly1.cif,A,71,119,30,H,5.01e-41,96.875,12.0982986767486,64,16.07,77,140,2,65,7jt9-assembly1.cif_sp|P09769|FGR_HUMAN_A_NA_NA,Structure
1_27949568_T/C,1:27949568,C,ENSG00000000938,ENST00000374005,Transcript,missense_variant,603,314,105,H/R,cAc/cGc,-,IMPACT=MODERATE;STRAND=-1;SOURCE=Homo_sapiens.GRCh37.87.gtf.sorted.gz,sp|P09769|FGR_HUMAN,529,H,AF-P09769-F1-model_v4.pdb,A,529,105,105,H,0.0,100.0,100.0,529,95.26,1,529,1,529,AF-P09769-F1-model_v4.pdb_sp|P09769|FGR_HUMAN_A_NA_NA,Structure
1_27949576_C/A,1:27949576,A,ENSG00000000938,ENST00000374005,Transcript,missense_variant,595,306,102,E/D,gaG/gaT,-,IMPACT=MODERATE;STRAND=-1;SOURCE=Homo_sapiens.GRCh37.87.gtf.sorted.gz,sp|P09769|FGR_HUMAN,529,E,7jt9-assembly1.cif,A,71,116,27,E,5.01e-41,96.875,12.0982986767486,64,16.53,77,140,2,65,7jt9-assembly1.cif_sp|P09769|FGR_HUMAN_A_NA_NA,Structure
1_27949576_C/A,1:27949576,A,ENSG00000000938,ENST00000374005,Transcript,missense_variant,595,306,102,E/D,gaG/gaT,-,IMPACT=MODERATE;STRAND=-1;SOURCE=Homo_sapiens.GRCh37.87.gtf.sorted.gz,sp|P09769|FGR_HUMAN,529,E,AF-P09769-F1-model_v4.pdb,A,529,102,102,E,0.0,100.0,100.0,529,96.99,1,529,1,529,AF-P09769-F1-model_v4.pdb_sp|P09769|FGR_HUMAN_A_NA_NA,Structure
1_27949577_T/A,1:27949577,A,ENSG00000000938,ENST00000374005,Transcript,missense_variant,594,305,102,E/V,gAg/gTg,-,IMPACT=MODERATE;STRAND=-1;SOURCE=Homo_sapiens.GRCh37.87.gtf.sorted.gz,sp|P09769|FGR_HUMAN,529,E,7jt9-assembly1.cif,A,71,116,27,E,5.01e-41,96.875,12.0982986767486,64,16.53,77,140,2,65,7jt9-assembly1.cif_sp|P09769|FGR_HUMAN_A_NA_NA,Structure
1_27949577_T/A,1:27949577,A,ENSG00000000938,ENST00000374005,Transcript,missense_variant,594,305,102,E/V,gAg/gTg,-,IMPACT=MODERATE;STRAND=-1;SOURCE=Homo_sapiens.GRCh37.87.gtf.sorted.gz,sp|P09769|FGR_HUMAN,529,E,AF-P09769-F1-model_v4.pdb,A,529,102,102,E,0.0,100.0,100.0,529,96.99,1,529,1,529,AF-P09769-F1-model_v4.pdb_sp|P09769|FGR_HUMAN_A_NA_NA,Structure
1_27949582_C/A,1:27949582,A,ENSG00000000938,ENST00000374005,Transcript,missense_variant,589,300,100,K/N,aaG/aaT,-,IMPACT=MODERATE;STRAND=-1;SOURCE=Homo_sapiens.GRCh37.87.gtf.sorted.gz,sp|P09769|FGR_HUMAN,529,K,7jt9-assembly1.cif,A,71,114,25,K,5.01e-41,96.875,12.0982986767486,64,18.13,77,140,2,65,7jt9-assembly1.cif_sp|P09769|FGR_HUMAN_A_NA_NA,Structure
1_27949582_C/A,1:27949582,A,ENSG00000000938,ENST00000374005,Transcript,missense_variant,589,300,100,K/N,aaG/aaT,-,IMPACT=MODERATE;STRAND=-1;SOURCE=Homo_sapiens.GRCh37.87.gtf.sorted.gz,sp|P09769|FGR_HUMAN,529,K,AF-P09769-F1-model_v4.pdb,A,529,100,100,K,0.0,100.0,100.0,529,94.59,1,529,1,529,AF-P09769-F1-model_v4.pdb_sp|P09769|FGR_HUMAN_A_NA_NA,Structure
1_27949582_C/T,1:27949582,T,ENSG00000000938,ENST00000374005,Transcript,synonymous_variant,589,300,100,K,aaG/aaA,-,IMPACT=LOW;STRAND=-1;SOURCE=Homo_sapiens.GRCh37.87.gtf.sorted.gz,sp|P09769|FGR_HUMAN,529,K,7jt9-assembly1.cif,A,71,114,25,K,5.01e-41,96.875,12.0982986767486,64,18.13,77,140,2,65,7jt9-assembly1.cif_sp|P09769|FGR_HUMAN_A_NA_NA,Structure
1_27949582_C/T,1:27949582,T,ENSG00000000938,ENST00000374005,Transcript,synonymous_variant,589,300,100,K,aaG/aaA,-,IMPACT=LOW;STRAND=-1;SOURCE=Homo_sapiens.GRCh37.87.gtf.sorted.gz,sp|P09769|FGR_HUMAN,529,K,AF-P09769-F1-model_v4.pdb,A,529,100,100,K,0.0,100.0,100.0,529,94.59,1,529,1,529,AF-P09769-F1-model_v4.pdb_sp|P09769|FGR_HUMAN_A_NA_NA,Structure
1_27949588_G/A,1:27949588,A,ENSG00000000938,ENST00000374005,Transcript,synonymous_variant,583,294,98,F,ttC/ttT,-,IMPACT=LOW;STRAND=-1;SOURCE=Homo_sapiens.GRCh37.87.gtf.sorted.gz,sp|P09769|FGR_HUMAN,529,F,7jt9-assembly1.cif,A,71,112,23,F,5.01e-41,96.875,12.0982986767486,64,16.01,77,140,2,65,7jt9-assembly1.cif_sp|P09769|FGR_HUMAN_A_NA_NA,Structure
1_27949588_G/A,1:27949588,A,ENSG00000000938,ENST00000374005,Transcript,synonymous_variant,583,294,98,F,ttC/ttT,-,IMPACT=LOW;STRAND=-1;SOURCE=Homo_sapiens.GRCh37.87.gtf.sorted.gz,sp|P09769|FGR_HUMAN,529,F,AF-P09769-F1-model_v4.pdb,A,529,98,98,F,0.0,100.0,100.0,529,96.19,1,529,1,529,AF-P09769-F1-model_v4.pdb_sp|P09769|FGR_HUMAN_A_NA_NA,Structure
1_27949591_G/T,1:27949591,T,ENSG00000000938,ENST00000374005,Transcript,synonymous_variant,580,291,97,T,acC/acA,-,IMPACT=LOW;STRAND=-1;SOURCE=Homo_sapiens.GRCh37.87.gtf.sorted.gz,sp|P09769|FGR_HUMAN,529,T,7jt9-assembly1.cif,A,71,111,22,T,5.01e-41,96.875,12.0982986767486,64,15.92,77,140,2,65,7jt9-assembly1.cif_sp|P09769|FGR_HUMAN_A_NA_NA,Structure
1_27949591_G/T,1:27949591,T,ENSG00000000938,ENST00000374005,Transcript,synonymous_variant,580,291,97,T,acC/acA,-,IMPACT=LOW;STRAND=-1;SOURCE=Homo_sapiens.GRCh37.87.gtf.sorted.gz,sp|P09769|FGR_HUMAN,529,T,AF-P09769-F1-model_v4.pdb,A,529,97,97,T,0.0,100.0,100.0,529,95.57,1,529,1,529,AF-P09769-F1-model_v4.pdb_sp|P09769|FGR_HUMAN_A_NA_NA,Structure
1_27949593_T/A,1:27949593,A,ENSG00000000938,ENST00000374005,Transcript,missense_variant,578,289,97,T/S,Acc/Tcc,-,IMPACT=MODERATE;STRAND=-1;SOURCE=Homo_sapiens.GRCh37.87.gtf.sorted.gz,sp|P09769|FGR_HUMAN,529,T,7jt9-assembly1.cif,A,71,111,22,T,5.01e-41,96.875,12.0982986767486,64,15.92,77,140,2,65,7jt9-assembly1.cif_sp|P09769|FGR_HUMAN_A_NA_NA,Structure
1_27949593_T/A,1:27949593,A,ENSG00000000938,ENST00000374005,Transcript,missense_variant,578,289,97,T/S,Acc/Tcc,-,IMPACT=MODERATE;STRAND=-1;SOURCE=Homo_sapiens.GRCh37.87.gtf.sorted.gz,sp|P09769|FGR_HUMAN,529,T,AF-P09769-F1-model_v4.pdb,A,529,97,97,T,0.0,100.0,100.0,529,95.57,1,529,1,529,AF-P09769-F1-model_v4.pdb_sp|P09769|FGR_HUMAN_A_NA_NA,Structure
1_27949594_G/T,1:27949594,T,ENSG00000000938,ENST00000374005,Transcript,synonymous_variant,577,288,96,L,ctC/ctA,-,IMPACT=LOW;STRAND=-1;SOURCE=Homo_sapiens.GRCh37.87.gtf.sorted.gz,sp|P09769|FGR_HUMAN,529,L,7jt9-assembly1.cif,A,71,110,21,L,5.01e-41,96.875,12.0982986767486,64,19.67,77,140,2,65,7jt9-assembly1.cif_sp|P09769|FGR_HUMAN_A_NA_NA,Structure
1_27949594_G/T,1:27949594,T,ENSG00000000938,ENST00000374005,Transcript,synonymous_variant,577,288,96,L,ctC/ctA,-,IMPACT=LOW;STRAND=-1;SOURCE=Homo_sapiens.GRCh37.87.gtf.sorted.gz,sp|P09769|FGR_HUMAN,529,L,AF-P09769-F1-model_v4.pdb,A,529,96,96,L,0.0,100.0,100.0,529,93.87,1,529,1,529,AF-P09769-F1-model_v4.pdb_sp|P09769|FGR_HUMAN_A_NA_NA,Structure
1_27949604_T/G,1:27949604,G,ENSG00000000938,ENST00000374005,Transcript,missense_variant,567,278,93,E/A,gAg/gCg,-,IMPACT=MODERATE;STRAND=-1;SOURCE=Homo_sapiens.GRCh37.87.gtf.sorted.gz,sp|P09769|FGR_HUMAN,529,E,7jt9-assembly1.cif,A,71,107,18,E,5.01e-41,96.875,12.0982986767486,64,26.34,77,140,2,65,7jt9-assembly1.cif_sp|P09769|FGR_HUMAN_A_NA_NA,Structure
1_27949604_T/G,1:27949604,G,ENSG00000000938,ENST00000374005,Transcript,missense_variant,567,278,93,E/A,gAg/gCg,-,IMPACT=MODERATE;STRAND=-1;SOURCE=Homo_sapiens.GRCh37.87.gtf.sorted.gz,sp|P09769|FGR_HUMAN,529,E,AF-P09769-F1-model_v4.pdb,A,529,93,93,E,0.0,100.0,100.0,529,89.93,1,529,1,529,AF-P09769-F1-model_v4.pdb_sp|P09769|FGR_HUMAN_A_NA_NA,Structure
1_27949607_G/T,1:27949607,T,ENSG00000000938,ENST00000374005,Transcript,missense_variant,564,275,92,T/N,aCt/aAt,-,IMPACT=MODERATE;STRAND=-1;SOURCE=Homo_sapiens.GRCh37.87.gtf.sorted.gz,sp|P09769|FGR_HUMAN,529,T,7jt9-assembly1.cif,A,71,106,17,T,5.01e-41,96.875,12.0982986767486,64,23.52,77,140,2,65,7jt9-assembly1.cif_sp|P09769|FGR_HUMAN_A_NA_NA,Structure
1_27949607_G/T,1:27949607,T,ENSG00000000938,ENST00000374005,Transcript,missense_variant,564,275,92,T/N,aCt/aAt,-,IMPACT=MODERATE;STRAND=-1;SOURCE=Homo_sapiens.GRCh37.87.gtf.sorted.gz,sp|P09769|FGR_HUMAN,529,T,AF-P09769-F1-model_v4.pdb,A,529,92,92,T,0.0,100.0,100.0,529,90.35,1,529,1,529,AF-P09769-F1-model_v4.pdb_sp|P09769|FGR_HUMAN_A_NA_NA,Structure
1_27949610_C/T,1:27949610,T,ENSG00000000938,ENST00000374005,Transcript,missense_variant,561,272,91,R/Q,cGa/cAa,-,IMPACT=MODERATE;STRAND=-1;SOURCE=Homo_sapiens.GRCh37.87.gtf.sorted.gz,sp|P09769|FGR_HUMAN,529,R,7jt9-assembly1.cif,A,71,105,16,R,5.01e-41,96.875,12.0982986767486,64,20.94,77,140,2,65,7jt9-assembly1.cif_sp|P09769|FGR_HUMAN_A_NA_NA,Structure
1_27949610_C/T,1:27949610,T,ENSG00000000938,ENST00000374005,Transcript,missense_variant,561,272,91,R/Q,cGa/cAa,-,IMPACT=MODERATE;STRAND=-1;SOURCE=Homo_sapiens.GRCh37.87.gtf.sorted.gz,sp|P09769|FGR_HUMAN,529,R,AF-P09769-F1-model_v4.pdb,A,529,91,91,R,0.0,100.0,100.0,529,91.56,1,529,1,529,AF-P09769-F1-model_v4.pdb_sp|P09769|FGR_HUMAN_A_NA_NA,Structure
1_27949614_C/T,1:27949614,T,ENSG00000000938,ENST00000374005,Transcript,missense_variant,557,268,90,A/T,Gct/Act,-,IMPACT=MODERATE;STRAND=-1;SOURCE=Homo_sapiens.GRCh37.87.gtf.sorted.gz,sp|P09769|FGR_HUMAN,529,A,7jt9-assembly1.cif,A,71,104,15,A,5.01e-41,96.875,12.0982986767486,64,17.32,77,140,2,65,7jt9-assembly1.cif_sp|P09769|FGR_HUMAN_A_NA_NA,Structure
1_27949614_C/T,1:27949614,T,ENSG00000000938,ENST00000374005,Transcript,missense_variant,557,268,90,A/T,Gct/Act,-,IMPACT=MODERATE;STRAND=-1;SOURCE=Homo_sapiens.GRCh37.87.gtf.sorted.gz,sp|P09769|FGR_HUMAN,529,A,AF-P09769-F1-model_v4.pdb,A,529,90,90,A,0.0,100.0,100.0,529,92.84,1,529,1,529,AF-P09769-F1-model_v4.pdb_sp|P09769|FGR_HUMAN_A_NA_NA,Structure
1_27949617_C/T,1:27949617,T,ENSG00000000938,ENST00000374005,Transcript,missense_variant,554,265,89,E/K,Gag/Aag,-,IMPACT=MODERATE;STRAND=-1;SOURCE=Homo_sapiens.GRCh37.87.gtf.sorted.gz,sp|P09769|FGR_HUMAN,529,E,7jt9-assembly1.cif,A,71,103,14,E,5.01e-41,96.875,12.0982986767486,64,19.14,77,140,2,65,7jt9-assembly1.cif_sp|P09769|FGR_HUMAN_A_NA_NA,Structure
1_27949617_C/T,1:27949617,T,ENSG00000000938,ENST00000374005,Transcript,missense_variant,554,265,89,E/K,Gag/Aag,-,IMPACT=MODERATE;STRAND=-1;SOURCE=Homo_sapiens.GRCh37.87.gtf.sorted.gz,sp|P09769|FGR_HUMAN,529,E,AF-P09769-F1-model_v4.pdb,A,529,89,89,E,0.0,100.0,100.0,529,94.07,1,529,1,529,AF-P09769-F1-model_v4.pdb_sp|P09769|FGR_HUMAN_A_NA_NA,Structure
1_27949630_G/A,1:27949630,A,ENSG00000000938,ENST00000374005,Transcript,synonymous_variant,541,252,84,A,gcC/gcT,-,IMPACT=LOW;STRAND=-1;SOURCE=Homo_sapiens.GRCh37.87.gtf.sorted.gz,sp|P09769|FGR_HUMAN,529,A,7jt9-assembly1.cif,A,71,98,9,A,5.01e-41,96.875,12.0982986767486,64,16.88,77,140,2,65,7jt9-assembly1.cif_sp|P09769|FGR_HUMAN_A_NA_NA,Structure
1_27949630_G/A,1:27949630,A,ENSG00000000938,ENST00000374005,Transcript,synonymous_variant,541,252,84,A,gcC/gcT,-,IMPACT=LOW;STRAND=-1;SOURCE=Homo_sapiens.GRCh37.87.gtf.sorted.gz,sp|P09769|FGR_HUMAN,529,A,AF-P09769-F1-model_v4.pdb,A,529,84,84,A,0.0,100.0,100.0,529,96.34,1,529,1,529,AF-P09769-F1-model_v4.pdb_sp|P09769|FGR_HUMAN_A_NA_NA,Structure
1_27949631_G/A,1:27949631,A,ENSG00000000938,ENST00000374005,Transcript,missense_variant,540,251,84,A/V,gCc/gTc,-,IMPACT=MODERATE;STRAND=-1;SOURCE=Homo_sapiens.GRCh37.87.gtf.sorted.gz,sp|P09769|FGR_HUMAN,529,A,7jt9-assembly1.cif,A,71,98,9,A,5.01e-41,96.875,12.0982986767486,64,16.88,77,140,2,65,7jt9-assembly1.cif_sp|P09769|FGR_HUMAN_A_NA_NA,Structure
1_27949631_G/A,1:27949631,A,ENSG00000000938,ENST00000374005,Transcript,missense_variant,540,251,84,A/V,gCc/gTc,-,IMPACT=MODERATE;STRAND=-1;SOURCE=Homo_sapiens.GRCh37.87.gtf.sorted.gz,sp|P09769|FGR_HUMAN,529,A,AF-P09769-F1-model_v4.pdb,A,529,84,84,A,0.0,100.0,100.0,529,96.34,1,529,1,529,AF-P09769-F1-model_v4.pdb_sp|P09769|FGR_HUMAN_A_NA_NA,Structure
1_27949640_A/C,1:27949640,C,ENSG00000000938,ENST00000374005,Transcript,missense_variant,531,242,81,L/R,cTg/cGg,-,IMPACT=MODERATE;STRAND=-1;SOURCE=Homo_sapiens.GRCh37.87.gtf.sorted.gz,sp|P09769|FGR_HUMAN,529,L,7jt9-assembly1.cif,A,71,95,6,L,5.01e-41,96.875,12.0982986767486,64,19.63,77,140,2,65,7jt9-assembly1.cif_sp|P09769|FGR_HUMAN_A_NA_NA,Structure
1_27949640_A/C,1:27949640,C,ENSG00000000938,ENST00000374005,Transcript,missense_variant,531,242,81,L/R,cTg/cGg,-,IMPACT=MODERATE;STRAND=-1;SOURCE=Homo_sapiens.GRCh37.87.gtf.sorted.gz,sp|P09769|FGR_HUMAN,529,L,AF-P09769-F1-model_v4.pdb,A,529,81,81,L,0.0,100.0,100.0,529,93.78,1,529,1,529,AF-P09769-F1-model_v4.pdb_sp|P09769|FGR_HUMAN_A_NA_NA,Structure
1_27949645_C/T,1:27949645,T,ENSG00000000938,ENST00000374005,Transcript,synonymous_variant,526,237,79,V,gtG/gtA,-,IMPACT=LOW;STRAND=-1;SOURCE=Homo_sapiens.GRCh37.87.gtf.sorted.gz,sp|P09769|FGR_HUMAN,529,V,7jt9-assembly1.cif,A,71,93,4,V,5.01e-41,96.875,12.0982986767486,64,25.96,77,140,2,65,7jt9-assembly1.cif_sp|P09769|FGR_HUMAN_A_NA_NA,Structure
1_27949645_C/T,1:27949645,T,ENSG00000000938,ENST00000374005,Transcript,synonymous_variant,526,237,79,V,gtG/gtA,-,IMPACT=LOW;STRAND=-1;SOURCE=Homo_sapiens.GRCh37.87.gtf.sorted.gz,sp|P09769|FGR_HUMAN,529,V,AF-P09769-F1-model_v4.pdb,A,529,79,79,V,0.0,100.0,100.0,529,70.96,1,529,1,529,AF-P09769-F1-model_v4.pdb_sp|P09769|FGR_HUMAN_A_NA_NA,Structure
1_27949654_C/T,1:27949654,T,ENSG00000000938,ENST00000374005,Transcript,"splice_region_variant,synonymous_variant",517,228,76,G,ggG/ggA,-,IMPACT=LOW;STRAND=-1;SOURCE=Homo_sapiens.GRCh37.87.gtf.sorted.gz,sp|P09769|FGR_HUMAN,529,G,AF-P09769-F1-model_v4.pdb,A,529,76,76,G,0.0,100.0,100.0,529,30.37,1,529,1,529,AF-P09769-F1-model_v4.pdb_sp|P09769|FGR_HUMAN_A_NA_NA,Structure
1_27950212_C/A,1:27950212,A,ENSG00000000938,ENST00000374005,Transcript,missense_variant,505,216,72,R/S,agG/agT,-,IMPACT=MODERATE;STRAND=-1;SOURCE=Homo_sapiens.GRCh37.87.gtf.sorted.gz,sp|P09769|FGR_HUMAN,529,R,AF-P09769-F1-model_v4.pdb,A,529,72,72,R,0.0,100.0,100.0,529,26.37,1,529,1,529,AF-P09769-F1-model_v4.pdb_sp|P09769|FGR_HUMAN_A_NA_NA,Structure
1_27950213_C/A,1:27950213,A,ENSG00000000938,ENST00000374005,Transcript,missense_variant,504,215,72,R/M,aGg/aTg,-,IMPACT=MODERATE;STRAND=-1;SOURCE=Homo_sapiens.GRCh37.87.gtf.sorted.gz,sp|P09769|FGR_HUMAN,529,R,AF-P09769-F1-model_v4.pdb,A,529,72,72,R,0.0,100.0,100.0,529,26.37,1,529,1,529,AF-P09769-F1-model_v4.pdb_sp|P09769|FGR_HUMAN_A_NA_NA,Structure
1_27950240_G/T,1:27950240,T,ENSG00000000938,ENST00000374005,Transcript,missense_variant,477,188,63,P/H,cCt/cAt,-,IMPACT=MODERATE;STRAND=-1;SOURCE=Homo_sapiens.GRCh37.87.gtf.sorted.gz,sp|P09769|FGR_HUMAN,529,P,AF-P09769-F1-model_v4.pdb,A,529,63,63,P,0.0,100.0,100.0,529,31.95,1,529,1,529,AF-P09769-F1-model_v4.pdb_sp|P09769|FGR_HUMAN_A_NA_NA,Structure
1_27950241_G/T,1:27950241,T,ENSG00000000938,ENST00000374005,Transcript,missense_variant,476,187,63,P/T,Cct/Act,-,IMPACT=MODERATE;STRAND=-1;SOURCE=Homo_sapiens.GRCh37.87.gtf.sorted.gz,sp|P09769|FGR_HUMAN,529,P,AF-P09769-F1-model_v4.pdb,A,529,63,63,P,0.0,100.0,100.0,529,31.95,1,529,1,529,AF-P09769-F1-model_v4.pdb_sp|P09769|FGR_HUMAN_A_NA_NA,Structure
1_27950293_G/T,1:27950293,T,ENSG00000000938,ENST00000374005,Transcript,synonymous_variant,424,135,45,S,tcC/tcA,-,IMPACT=LOW;STRAND=-1;SOURCE=Homo_sapiens.GRCh37.87.gtf.sorted.gz,sp|P09769|FGR_HUMAN,529,S,AF-P09769-F1-model_v4.pdb,A,529,45,45,S,0.0,100.0,100.0,529,33.84,1,529,1,529,AF-P09769-F1-model_v4.pdb_sp|P09769|FGR_HUMAN_A_NA_NA,Structure
1_27950343_C/T,1:27950343,T,ENSG00000000938,ENST00000374005,Transcript,missense_variant,374,85,29,G/R,Ggg/Agg,-,IMPACT=MODERATE;STRAND=-1;SOURCE=Homo_sapiens.GRCh37.87.gtf.sorted.gz,sp|P09769|FGR_HUMAN,529,G,AF-P09769-F1-model_v4.pdb,A,529,29,29,G,0.0,100.0,100.0,529,27.43,1,529,1,529,AF-P09769-F1-model_v4.pdb_sp|P09769|FGR_HUMAN_A_NA_NA,Structure
1_27950344_G/A,1:27950344,A,ENSG00000000938,ENST00000374005,Transcript,synonymous_variant,373,84,28,Y,taC/taT,-,IMPACT=LOW;STRAND=-1;SOURCE=Homo_sapiens.GRCh37.87.gtf.sorted.gz,sp|P09769|FGR_HUMAN,529,Y,AF-P09769-F1-model_v4.pdb,A,529,28,28,Y,0.0,100.0,100.0,529,30.2,1,529,1,529,AF-P09769-F1-model_v4.pdb_sp|P09769|FGR_HUMAN_A_NA_NA,Structure
1_27950351_C/A,1:27950351,A,ENSG00000000938,ENST00000374005,Transcript,missense_variant,366,77,26,R/I,aGa/aTa,-,IMPACT=MODERATE;STRAND=-1;SOURCE=Homo_sapiens.GRCh37.87.gtf.sorted.gz,sp|P09769|FGR_HUMAN,529,R,AF-P09769-F1-model_v4.pdb,A,529,26,26,R,0.0,100.0,100.0,529,31.33,1,529,1,529,AF-P09769-F1-model_v4.pdb_sp|P09769|FGR_HUMAN_A_NA_NA,Structure
1_27950358_C/A,1:27950358,A,ENSG00000000938,ENST00000374005,Transcript,missense_variant,359,70,24,D/Y,Gac/Tac,-,IMPACT=MODERATE;STRAND=-1;SOURCE=Homo_sapiens.GRCh37.87.gtf.sorted.gz,sp|P09769|FGR_HUMAN,529,D,AF-P09769-F1-model_v4.pdb,A,529,24,24,D,0.0,100.0,100.0,529,29.35,1,529,1,529,AF-P09769-F1-model_v4.pdb_sp|P09769|FGR_HUMAN_A_NA_NA,Structure
1_27950379_C/A,1:27950379,A,ENSG00000000938,ENST00000374005,Transcript,stop_gained,338,49,17,E/*,Gag/Tag,-,IMPACT=HIGH;STRAND=-1;SOURCE=Homo_sapiens.GRCh37.87.gtf.sorted.gz,sp|P09769|FGR_HUMAN,529,E,AF-P09769-F1-model_v4.pdb,A,529,17,17,E,0.0,100.0,100.0,529,34.15,1,529,1,529,AF-P09769-F1-model_v4.pdb_sp|P09769|FGR_HUMAN_A_NA_NA,Structure
1_27950395_C/T,1:27950395,T,ENSG00000000938,ENST00000374005,Transcript,synonymous_variant,322,33,11,P,ccG/ccA,-,IMPACT=LOW;STRAND=-1;SOURCE=Homo_sapiens.GRCh37.87.gtf.sorted.gz,sp|P09769|FGR_HUMAN,529,P,AF-P09769-F1-model_v4.pdb,A,529,11,11,P,0.0,100.0,100.0,529,31.56,1,529,1,529,AF-P09769-F1-model_v4.pdb_sp|P09769|FGR_HUMAN_A_NA_NA,Structure
1_27950397_G/A,1:27950397,A,ENSG00000000938,ENST00000374005,Transcript,missense_variant,320,31,11,P/S,Ccg/Tcg,-,IMPACT=MODERATE;STRAND=-1;SOURCE=Homo_sapiens.GRCh37.87.gtf.sorted.gz,sp|P09769|FGR_HUMAN,529,P,AF-P09769-F1-model_v4.pdb,A,529,11,11,P,0.0,100.0,100.0,529,31.56,1,529,1,529,AF-P09769-F1-model_v4.pdb_sp|P09769|FGR_HUMAN_A_NA_NA,Structure
1_27950417_A/G,1:27950417,G,ENSG00000000938,ENST00000374005,Transcript,missense_variant,300,11,4,V/A,gTg/gCg,-,IMPACT=MODERATE;STRAND=-1;SOURCE=Homo_sapiens.GRCh37.87.gtf.sorted.gz,sp|P09769|FGR_HUMAN,529,V,AF-P09769-F1-model_v4.pdb,A,529,4,4,V,0.0,100.0,100.0,529,29.53,1,529,1,529,AF-P09769-F1-model_v4.pdb_sp|P09769|FGR_HUMAN_A_NA_NA,Structure
1_27950422_G/T,1:27950422,T,ENSG00000000938,ENST00000374005,Transcript,synonymous_variant,295,6,2,G,ggC/ggA,-,IMPACT=LOW;STRAND=-1;SOURCE=Homo_sapiens.GRCh37.87.gtf.sorted.gz,sp|P09769|FGR_HUMAN,529,G,AF-P09769-F1-model_v4.pdb,A,529,2,2,G,0.0,100.0,100.0,529,26.98,1,529,1,529,AF-P09769-F1-model_v4.pdb_sp|P09769|FGR_HUMAN_A_NA_NA,Structure
1_204494650_A/T,1:204494650,T,ENSG00000198625,ENST00000367182,Transcript,missense_variant,166,4,2,T/S,Aca/Tca,-,IMPACT=MODERATE;STRAND=1;SOURCE=Homo_sapiens.GRCh37.87.gtf.sorted.gz,sp|O15151|MDM4_HUMAN,490,T,AF-O15151-F1-model_v4.pdb,A,490,2,2,T,0.0,100.0,100.0,490,39.89,1,490,1,490,AF-O15151-F1-model_v4.pdb_sp|O15151|MDM4_HUMAN_A_NA_NA,Structure
1_204494700_G/T,1:204494700,T,ENSG00000198625,ENST00000367182,Transcript,missense_variant,216,54,18,R/S,agG/agT,-,IMPACT=MODERATE;STRAND=1;SOURCE=Homo_sapiens.GRCh37.87.gtf.sorted.gz,sp|O15151|MDM4_HUMAN,490,R,AF-O15151-F1-model_v4.pdb,A,490,18,18,R,0.0,100.0,100.0,490,41.83,1,490,1,490,AF-O15151-F1-model_v4.pdb_sp|O15151|MDM4_HUMAN_A_NA_NA,Structure
1_204494722_C/G,1:204494722,G,ENSG00000198625,ENST00000367182,Transcript,"missense_variant,splice_region_variant",238,76,26,Q/E,Cag/Gag,-,IMPACT=MODERATE;STRAND=1;SOURCE=Homo_sapiens.GRCh37.87.gtf.sorted.gz,sp|O15151|MDM4_HUMAN,490,Q,AF-O15151-F1-model_v4.pdb,A,490,26,26,Q,0.0,100.0,100.0,490,88.14,1,490,1,490,AF-O15151-F1-model_v4.pdb_sp|O15151|MDM4_HUMAN_A_NA_NA,Structure
1_204494722_C/G,1:204494722,G,ENSG00000198625,ENST00000367182,Transcript,"missense_variant,splice_region_variant",238,76,26,Q/E,Cag/Gag,-,IMPACT=MODERATE;STRAND=1;SOURCE=Homo_sapiens.GRCh37.87.gtf.sorted.gz,sp|O15151|MDM4_HUMAN,490,Q,2vyr-assembly1.cif,A,86,26,2,Q,2.49e-59,100.0,17.5510204081633,86,30.38,25,110,1,86,2vyr-assembly1.cif_sp|O15151|MDM4_HUMAN_A_NA_NA,Structure
1_204494722_C/G,1:204494722,G,ENSG00000198625,ENST00000367182,Transcript,"missense_variant,splice_region_variant",238,76,26,Q/E,Cag/Gag,-,IMPACT=MODERATE;STRAND=1;SOURCE=Homo_sapiens.GRCh37.87.gtf.sorted.gz,sp|O15151|MDM4_HUMAN,490,Q,2vyr-assembly1.cif,B,86,26,2,Q,2.49e-59,100.0,17.5510204081633,86,25.16,25,110,1,86,2vyr-assembly1.cif_sp|O15151|MDM4_HUMAN_B_NA_NA,Structure
1_204494722_C/G,1:204494722,G,ENSG00000198625,ENST00000367182,Transcript,"missense_variant,splice_region_variant",238,76,26,Q/E,Cag/Gag,-,IMPACT=MODERATE;STRAND=1;SOURCE=Homo_sapiens.GRCh37.87.gtf.sorted.gz,sp|O15151|MDM4_HUMAN,490,Q,2vyr-assembly1.cif,C,86,26,2,Q,2.49e-59,100.0,17.5510204081633,86,36.5,25,110,1,86,2vyr-assembly1.cif_sp|O15151|MDM4_HUMAN_C_NA_NA,Structure
1_204494722_C/G,1:204494722,G,ENSG00000198625,ENST00000367182,Transcript,"missense_variant,splice_region_variant",238,76,26,Q/E,Cag/Gag,-,IMPACT=MODERATE;STRAND=1;SOURCE=Homo_sapiens.GRCh37.87.gtf.sorted.gz,sp|O15151|MDM4_HUMAN,490,Q,2vyr-assembly1.cif,D,86,26,2,Q,2.49e-59,100.0,17.5510204081633,86,30.21,25,110,1,86,2vyr-assembly1.cif_sp|O15151|MDM4_HUMAN_D_NA_NA,Structure
1_204495500_C/T,1:204495500,T,ENSG00000198625,ENST00000367182,Transcript,synonymous_variant,253,91,31,L,Ctg/Ttg,-,IMPACT=LOW;STRAND=1;SOURCE=Homo_sapiens.GRCh37.87.gtf.sorted.gz,sp|O15151|MDM4_HUMAN,490,L,AF-O15151-F1-model_v4.pdb,A,490,31,31,L,0.0,100.0,100.0,490,95.03,1,490,1,490,AF-O15151-F1-model_v4.pdb_sp|O15151|MDM4_HUMAN_A_NA_NA,Structure
1_204495500_C/T,1:204495500,T,ENSG00000198625,ENST00000367182,Transcript,synonymous_variant,253,91,31,L,Ctg/Ttg,-,IMPACT=LOW;STRAND=1;SOURCE=Homo_sapiens.GRCh37.87.gtf.sorted.gz,sp|O15151|MDM4_HUMAN,490,L,2vyr-assembly1.cif,C,86,31,7,L,2.49e-59,100.0,17.5510204081633,86,36.07,25,110,1,86,2vyr-assembly1.cif_sp|O15151|MDM4_HUMAN_C_NA_NA,Structure
1_204495530_G/T,1:204495530,T,ENSG00000198625,ENST00000367182,Transcript,missense_variant,283,121,41,G/C,Ggt/Tgt,-,IMPACT=MODERATE;STRAND=1;SOURCE=Homo_sapiens.GRCh37.87.gtf.sorted.gz,sp|O15151|MDM4_HUMAN,490,G,AF-O15151-F1-model_v4.pdb,A,490,41,41,G,0.0,100.0,100.0,490,93.96,1,490,1,490,AF-O15151-F1-model_v4.pdb_sp|O15151|MDM4_HUMAN_A_NA_NA,Structure
1_204495530_G/T,1:204495530,T,ENSG00000198625,ENST00000367182,Transcript,missense_variant,283,121,41,G/C,Ggt/Tgt,-,IMPACT=MODERATE;STRAND=1;SOURCE=Homo_sapiens.GRCh37.87.gtf.sorted.gz,sp|O15151|MDM4_HUMAN,490,G,2vyr-assembly1.cif,A,86,41,17,G,2.49e-59,100.0,17.5510204081633,86,23.13,25,110,1,86,2vyr-assembly1.cif_sp|O15151|MDM4_HUMAN_A_NA_NA,Structure
1_204495530_G/T,1:204495530,T,ENSG00000198625,ENST00000367182,Transcript,missense_variant,283,121,41,G/C,Ggt/Tgt,-,IMPACT=MODERATE;STRAND=1;SOURCE=Homo_sapiens.GRCh37.87.gtf.sorted.gz,sp|O15151|MDM4_HUMAN,490,G,2vyr-assembly1.cif,B,86,41,17,G,2.49e-59,100.0,17.5510204081633,86,26.14,25,110,1,86,2vyr-assembly1.cif_sp|O15151|MDM4_HUMAN_B_NA_NA,Structure
1_204495530_G/T,1:204495530,T,ENSG00000198625,ENST00000367182,Transcript,missense_variant,283,121,41,G/C,Ggt/Tgt,-,IMPACT=MODERATE;STRAND=1;SOURCE=Homo_sapiens.GRCh37.87.gtf.sorted.gz,sp|O15151|MDM4_HUMAN,490,G,2vyr-assembly1.cif,C,86,41,17,G,2.49e-59,100.0,17.5510204081633,86,23.66,25,110,1,86,2vyr-assembly1.cif_sp|O15151|MDM4_HUMAN_C_NA_NA,Structure
1_204495530_G/T,1:204495530,T,ENSG00000198625,ENST00000367182,Transcript,missense_variant,283,121,41,G/C,Ggt/Tgt,-,IMPACT=MODERATE;STRAND=1;SOURCE=Homo_sapiens.GRCh37.87.gtf.sorted.gz,sp|O15151|MDM4_HUMAN,490,G,2vyr-assembly1.cif,D,86,41,17,G,2.49e-59,100.0,17.5510204081633,86,20.31,25,110,1,86,2vyr-assembly1.cif_sp|O15151|MDM4_HUMAN_D_NA_NA,Structure
1_204495542_G/A,1:204495542,A,ENSG00000198625,ENST00000367182,Transcript,missense_variant,295,133,45,E/K,Gaa/Aaa,-,IMPACT=MODERATE;STRAND=1;SOURCE=Homo_sapiens.GRCh37.87.gtf.sorted.gz,sp|O15151|MDM4_HUMAN,490,E,AF-O15151-F1-model_v4.pdb,A,490,45,45,E,0.0,100.0,100.0,490,93.63,1,490,1,490,AF-O15151-F1-model_v4.pdb_sp|O15151|MDM4_HUMAN_A_NA_NA,Structure
1_204495542_G/A,1:204495542,A,ENSG00000198625,ENST00000367182,Transcript,missense_variant,295,133,45,E/K,Gaa/Aaa,-,IMPACT=MODERATE;STRAND=1;SOURCE=Homo_sapiens.GRCh37.87.gtf.sorted.gz,sp|O15151|MDM4_HUMAN,490,E,2vyr-assembly1.cif,C,86,45,21,E,2.49e-59,100.0,17.5510204081633,86,33.26,25,110,1,86,2vyr-assembly1.cif_sp|O15151|MDM4_HUMAN_C_NA_NA,Structure
1_204495550_C/A,1:204495550,A,ENSG00000198625,ENST00000367182,Transcript,missense_variant,303,141,47,F/L,ttC/ttA,-,IMPACT=MODERATE;STRAND=1;SOURCE=Homo_sapiens.GRCh37.87.gtf.sorted.gz,sp|O15151|MDM4_HUMAN,490,F,AF-O15151-F1-model_v4.pdb,A,490,47,47,F,0.0,100.0,100.0,490,92.96,1,490,1,490,AF-O15151-F1-model_v4.pdb_sp|O15151|MDM4_HUMAN_A_NA_NA,Structure
1_204495550_C/A,1:204495550,A,ENSG00000198625,ENST00000367182,Transcript,missense_variant,303,141,47,F/L,ttC/ttA,-,IMPACT=MODERATE;STRAND=1;SOURCE=Homo_sapiens.GRCh37.87.gtf.sorted.gz,sp|O15151|MDM4_HUMAN,490,F,2vyr-assembly1.cif,A,86,47,23,F,2.49e-59,100.0,17.5510204081633,86,21.15,25,110,1,86,2vyr-assembly1.cif_sp|O15151|MDM4_HUMAN_A_NA_NA,Structure
1_204495550_C/A,1:204495550,A,ENSG00000198625,ENST00000367182,Transcript,missense_variant,303,141,47,F/L,ttC/ttA,-,IMPACT=MODERATE;STRAND=1;SOURCE=Homo_sapiens.GRCh37.87.gtf.sorted.gz,sp|O15151|MDM4_HUMAN,490,F,2vyr-assembly1.cif,B,86,47,23,F,2.49e-59,100.0,17.5510204081633,86,21.32,25,110,1,86,2vyr-assembly1.cif_sp|O15151|MDM4_HUMAN_B_NA_NA,Structure
1_204495550_C/A,1:204495550,A,ENSG00000198625,ENST00000367182,Transcript,missense_variant,303,141,47,F/L,ttC/ttA,-,IMPACT=MODERATE;STRAND=1;SOURCE=Homo_sapiens.GRCh37.87.gtf.sorted.gz,sp|O15151|MDM4_HUMAN,490,F,2vyr-assembly1.cif,C,86,47,23,F,2.49e-59,100.0,17.5510204081633,86,24.74,25,110,1,86,2vyr-assembly1.cif_sp|O15151|MDM4_HUMAN_C_NA_NA,Structure
1_204495550_C/A,1:204495550,A,ENSG00000198625,ENST00000367182,Transcript,missense_variant,303,141,47,F/L,ttC/ttA,-,IMPACT=MODERATE;STRAND=1;SOURCE=Homo_sapiens.GRCh37.87.gtf.sorted.gz,sp|O15151|MDM4_HUMAN,490,F,2vyr-assembly1.cif,D,86,47,23,F,2.49e-59,100.0,17.5510204081633,86,17.58,25,110,1,86,2vyr-assembly1.cif_sp|O15151|MDM4_HUMAN_D_NA_NA,Structure
1_204495552_CT/-,1:204495552-204495553,-,ENSG00000198625,ENST00000367182,Transcript,frameshift_variant,305-306,143-144,48,T/X,aCT/a,-,IMPACT=HIGH;STRAND=1;SOURCE=Homo_sapiens.GRCh37.87.gtf.sorted.gz,sp|O15151|MDM4_HUMAN,490,T,AF-O15151-F1-model_v4.pdb,A,490,48,48,T,0.0,100.0,100.0,490,91.32,1,490,1,490,AF-O15151-F1-model_v4.pdb_sp|O15151|MDM4_HUMAN_A_NA_NA,Structure
1_204499834_A/G,1:204499834,G,ENSG00000198625,ENST00000367182,Transcript,missense_variant,338,176,59,Y/C,tAc/tGc,-,IMPACT=MODERATE;STRAND=1;SOURCE=Homo_sapiens.GRCh37.87.gtf.sorted.gz,sp|O15151|MDM4_HUMAN,490,Y,AF-O15151-F1-model_v4.pdb,A,490,59,59,Y,0.0,100.0,100.0,490,95.69,1,490,1,490,AF-O15151-F1-model_v4.pdb_sp|O15151|MDM4_HUMAN_A_NA_NA,Structure
1_204499834_A/G,1:204499834,G,ENSG00000198625,ENST00000367182,Transcript,missense_variant,338,176,59,Y/C,tAc/tGc,-,IMPACT=MODERATE;STRAND=1;SOURCE=Homo_sapiens.GRCh37.87.gtf.sorted.gz,sp|O15151|MDM4_HUMAN,490,Y,2vyr-assembly1.cif,A,86,59,35,Y,2.49e-59,100.0,17.5510204081633,86,17.37,25,110,1,86,2vyr-assembly1.cif_sp|O15151|MDM4_HUMAN_A_NA_NA,Structure
1_204499834_A/G,1:204499834,G,ENSG00000198625,ENST00000367182,Transcript,missense_variant,338,176,59,Y/C,tAc/tGc,-,IMPACT=MODERATE;STRAND=1;SOURCE=Homo_sapiens.GRCh37.87.gtf.sorted.gz,sp|O15151|MDM4_HUMAN,490,Y,2vyr-assembly1.cif,B,86,59,35,Y,2.49e-59,100.0,17.5510204081633,86,19.25,25,110,1,86,2vyr-assembly1.cif_sp|O15151|MDM4_HUMAN_B_NA_NA,Structure
1_204499834_A/G,1:204499834,G,ENSG00000198625,ENST00000367182,Transcript,missense_variant,338,176,59,Y/C,tAc/tGc,-,IMPACT=MODERATE;STRAND=1;SOURCE=Homo_sapiens.GRCh37.87.gtf.sorted.gz,sp|O15151|MDM4_HUMAN,490,Y,2vyr-assembly1.cif,C,86,59,35,Y,2.49e-59,100.0,17.5510204081633,86,18.34,25,110,1,86,2vyr-assembly1.cif_sp|O15151|MDM4_HUMAN_C_NA_NA,Structure
1_204499834_A/G,1:204499834,G,ENSG00000198625,ENST00000367182,Transcript,missense_variant,338,176,59,Y/C,tAc/tGc,-,IMPACT=MODERATE;STRAND=1;SOURCE=Homo_sapiens.GRCh37.87.gtf.sorted.gz,sp|O15151|MDM4_HUMAN,490,Y,2vyr-assembly1.cif,D,86,59,35,Y,2.49e-59,100.0,17.5510204081633,86,14.66,25,110,1,86,2vyr-assembly1.cif_sp|O15151|MDM4_HUMAN_D_NA_NA,Structure
1_204499868_G/A,1:204499868,A,ENSG00000198625,ENST00000367182,Transcript,synonymous_variant,372,210,70,E,gaG/gaA,-,IMPACT=LOW;STRAND=1;SOURCE=Homo_sapiens.GRCh37.87.gtf.sorted.gz,sp|O15151|MDM4_HUMAN,490,E,AF-O15151-F1-model_v4.pdb,A,490,70,70,E,0.0,100.0,100.0,490,87.89,1,490,1,490,AF-O15151-F1-model_v4.pdb_sp|O15151|MDM4_HUMAN_A_NA_NA,Structure
1_204499868_G/A,1:204499868,A,ENSG00000198625,ENST00000367182,Transcript,synonymous_variant,372,210,70,E,gaG/gaA,-,IMPACT=LOW;STRAND=1;SOURCE=Homo_sapiens.GRCh37.87.gtf.sorted.gz,sp|O15151|MDM4_HUMAN,490,E,2vyr-assembly1.cif,A,86,70,46,E,2.49e-59,100.0,17.5510204081633,86,22.91,25,110,1,86,2vyr-assembly1.cif_sp|O15151|MDM4_HUMAN_A_NA_NA,Structure
1_204499868_G/A,1:204499868,A,ENSG00000198625,ENST00000367182,Transcript,synonymous_variant,372,210,70,E,gaG/gaA,-,IMPACT=LOW;STRAND=1;SOURCE=Homo_sapiens.GRCh37.87.gtf.sorted.gz,sp|O15151|MDM4_HUMAN,490,E,2vyr-assembly1.cif,B,86,70,46,E,2.49e-59,100.0,17.5510204081633,86,19.91,25,110,1,86,2vyr-assembly1.cif_sp|O15151|MDM4_HUMAN_B_NA_NA,Structure
1_204499868_G/A,1:204499868,A,ENSG00000198625,ENST00000367182,Transcript,synonymous_variant,372,210,70,E,gaG/gaA,-,IMPACT=LOW;STRAND=1;SOURCE=Homo_sapiens.GRCh37.87.gtf.sorted.gz,sp|O15151|MDM4_HUMAN,490,E,2vyr-assembly1.cif,C,86,70,46,E,2.49e-59,100.0,17.5510204081633,86,27.06,25,110,1,86,2vyr-assembly1.cif_sp|O15151|MDM4_HUMAN_C_NA_NA,Structure
1_204499868_G/A,1:204499868,A,ENSG00000198625,ENST00000367182,Transcript,synonymous_variant,372,210,70,E,gaG/gaA,-,IMPACT=LOW;STRAND=1;SOURCE=Homo_sapiens.GRCh37.87.gtf.sorted.gz,sp|O15151|MDM4_HUMAN,490,E,2vyr-assembly1.cif,D,86,70,46,E,2.49e-59,100.0,17.5510204081633,86,22.14,25,110,1,86,2vyr-assembly1.cif_sp|O15151|MDM4_HUMAN_D_NA_NA,Structure
1_204499878_G/A,1:204499878,A,ENSG00000198625,ENST00000367182,Transcript,missense_variant,382,220,74,V/I,Gta/Ata,-,IMPACT=MODERATE;STRAND=1;SOURCE=Homo_sapiens.GRCh37.87.gtf.sorted.gz,sp|O15151|MDM4_HUMAN,490,V,AF-O15151-F1-model_v4.pdb,A,490,74,74,V,0.0,100.0,100.0,490,94.95,1,490,1,490,AF-O15151-F1-model_v4.pdb_sp|O15151|MDM4_HUMAN_A_NA_NA,Structure
1_204499917_C/T,1:204499917,T,ENSG00000198625,ENST00000367182,Transcript,missense_variant,421,259,87,R/C,Cgt/Tgt,-,IMPACT=MODERATE;STRAND=1;SOURCE=Homo_sapiens.GRCh37.87.gtf.sorted.gz,sp|O15151|MDM4_HUMAN,490,R,AF-O15151-F1-model_v4.pdb,A,490,87,87,R,0.0,100.0,100.0,490,93.83,1,490,1,490,AF-O15151-F1-model_v4.pdb_sp|O15151|MDM4_HUMAN_A_NA_NA,Structure
1_204499917_C/T,1:204499917,T,ENSG00000198625,ENST00000367182,Transcript,missense_variant,421,259,87,R/C,Cgt/Tgt,-,IMPACT=MODERATE;STRAND=1;SOURCE=Homo_sapiens.GRCh37.87.gtf.sorted.gz,sp|O15151|MDM4_HUMAN,490,R,2vyr-assembly1.cif,A,86,87,63,R,2.49e-59,100.0,17.5510204081633,86,29.86,25,110,1,86,2vyr-assembly1.cif_sp|O15151|MDM4_HUMAN_A_NA_NA,Structure
1_204499917_C/T,1:204499917,T,ENSG00000198625,ENST00000367182,Transcript,missense_variant,421,259,87,R/C,Cgt/Tgt,-,IMPACT=MODERATE;STRAND=1;SOURCE=Homo_sapiens.GRCh37.87.gtf.sorted.gz,sp|O15151|MDM4_HUMAN,490,R,2vyr-assembly1.cif,B,86,87,63,R,2.49e-59,100.0,17.5510204081633,86,30.08,25,110,1,86,2vyr-assembly1.cif_sp|O15151|MDM4_HUMAN_B_NA_NA,Structure
1_204499917_C/T,1:204499917,T,ENSG00000198625,ENST00000367182,Transcript,missense_variant,421,259,87,R/C,Cgt/Tgt,-,IMPACT=MODERATE;STRAND=1;SOURCE=Homo_sapiens.GRCh37.87.gtf.sorted.gz,sp|O15151|MDM4_HUMAN,490,R,2vyr-assembly1.cif,C,86,87,63,R,2.49e-59,100.0,17.5510204081633,86,45.09,25,110,1,86,2vyr-assembly1.cif_sp|O15151|MDM4_HUMAN_C_NA_NA,Structure
1_204499917_C/T,1:204499917,T,ENSG00000198625,ENST00000367182,Transcript,missense_variant,421,259,87,R/C,Cgt/Tgt,-,IMPACT=MODERATE;STRAND=1;SOURCE=Homo_sapiens.GRCh37.87.gtf.sorted.gz,sp|O15151|MDM4_HUMAN,490,R,2vyr-assembly1.cif,D,86,87,63,R,2.49e-59,100.0,17.5510204081633,86,48.36,25,110,1,86,2vyr-assembly1.cif_sp|O15151|MDM4_HUMAN_D_NA_NA,Structure
1_204499931_C/T,1:204499931,T,ENSG00000198625,ENST00000367182,Transcript,synonymous_variant,435,273,91,S,tcC/tcT,-,IMPACT=LOW;STRAND=1;SOURCE=Homo_sapiens.GRCh37.87.gtf.sorted.gz,sp|O15151|MDM4_HUMAN,490,S,AF-O15151-F1-model_v4.pdb,A,490,91,91,S,0.0,100.0,100.0,490,92.39,1,490,1,490,AF-O15151-F1-model_v4.pdb_sp|O15151|MDM4_HUMAN_A_NA_NA,Structure
1_204499931_C/T,1:204499931,T,ENSG00000198625,ENST00000367182,Transcript,synonymous_variant,435,273,91,S,tcC/tcT,-,IMPACT=LOW;STRAND=1;SOURCE=Homo_sapiens.GRCh37.87.gtf.sorted.gz,sp|O15151|MDM4_HUMAN,490,S,2vyr-assembly1.cif,A,86,91,67,S,2.49e-59,100.0,17.5510204081633,86,22.83,25,110,1,86,2vyr-assembly1.cif_sp|O15151|MDM4_HUMAN_A_NA_NA,Structure
1_204499931_C/T,1:204499931,T,ENSG00000198625,ENST00000367182,Transcript,synonymous_variant,435,273,91,S,tcC/tcT,-,IMPACT=LOW;STRAND=1;SOURCE=Homo_sapiens.GRCh37.87.gtf.sorted.gz,sp|O15151|MDM4_HUMAN,490,S,2vyr-assembly1.cif,B,86,91,67,S,2.49e-59,100.0,17.5510204081633,86,22.36,25,110,1,86,2vyr-assembly1.cif_sp|O15151|MDM4_HUMAN_B_NA_NA,Structure
1_204499931_C/T,1:204499931,T,ENSG00000198625,ENST00000367182,Transcript,synonymous_variant,435,273,91,S,tcC/tcT,-,IMPACT=LOW;STRAND=1;SOURCE=Homo_sapiens.GRCh37.87.gtf.sorted.gz,sp|O15151|MDM4_HUMAN,490,S,2vyr-assembly1.cif,C,86,91,67,S,2.49e-59,100.0,17.5510204081633,86,32.34,25,110,1,86,2vyr-assembly1.cif_sp|O15151|MDM4_HUMAN_C_NA_NA,Structure
1_204499931_C/T,1:204499931,T,ENSG00000198625,ENST00000367182,Transcript,synonymous_variant,435,273,91,S,tcC/tcT,-,IMPACT=LOW;STRAND=1;SOURCE=Homo_sapiens.GRCh37.87.gtf.sorted.gz,sp|O15151|MDM4_HUMAN,490,S,2vyr-assembly1.cif,D,86,91,67,S,2.49e-59,100.0,17.5510204081633,86,27.45,25,110,1,86,2vyr-assembly1.cif_sp|O15151|MDM4_HUMAN_D_NA_NA,Structure
1_204501325_C/G,1:204501325,G,ENSG00000198625,ENST00000367182,Transcript,synonymous_variant,456,294,98,L,ctC/ctG,-,IMPACT=LOW;STRAND=1;SOURCE=Homo_sapiens.GRCh37.87.gtf.sorted.gz,sp|O15151|MDM4_HUMAN,490,L,AF-O15151-F1-model_v4.pdb,A,490,98,98,L,0.0,100.0,100.0,490,91.49,1,490,1,490,AF-O15151-F1-model_v4.pdb_sp|O15151|MDM4_HUMAN_A_NA_NA,Structure
1_204501329_G/A,1:204501329,A,ENSG00000198625,ENST00000367182,Transcript,missense_variant,460,298,100,D/N,Gat/Aat,-,IMPACT=MODERATE;STRAND=1;SOURCE=Homo_sapiens.GRCh37.87.gtf.sorted.gz,sp|O15151|MDM4_HUMAN,490,D,AF-O15151-F1-model_v4.pdb,A,490,100,100,D,0.0,100.0,100.0,490,91.37,1,490,1,490,AF-O15151-F1-model_v4.pdb_sp|O15151|MDM4_HUMAN_A_NA_NA,Structure
1_204501329_G/A,1:204501329,A,ENSG00000198625,ENST00000367182,Transcript,missense_variant,460,298,100,D/N,Gat/Aat,-,IMPACT=MODERATE;STRAND=1;SOURCE=Homo_sapiens.GRCh37.87.gtf.sorted.gz,sp|O15151|MDM4_HUMAN,490,D,2vyr-assembly1.cif,A,86,100,76,D,2.49e-59,100.0,17.5510204081633,86,22.9,25,110,1,86,2vyr-assembly1.cif_sp|O15151|MDM4_HUMAN_A_NA_NA,Structure
1_204501329_G/A,1:204501329,A,ENSG00000198625,ENST00000367182,Transcript,missense_variant,460,298,100,D/N,Gat/Aat,-,IMPACT=MODERATE;STRAND=1;SOURCE=Homo_sapiens.GRCh37.87.gtf.sorted.gz,sp|O15151|MDM4_HUMAN,490,D,2vyr-assembly1.cif,B,86,100,76,D,2.49e-59,100.0,17.5510204081633,86,23.52,25,110,1,86,2vyr-assembly1.cif_sp|O15151|MDM4_HUMAN_B_NA_NA,Structure
1_204501329_G/A,1:204501329,A,ENSG00000198625,ENST00000367182,Transcript,missense_variant,460,298,100,D/N,Gat/Aat,-,IMPACT=MODERATE;STRAND=1;SOURCE=Homo_sapiens.GRCh37.87.gtf.sorted.gz,sp|O15151|MDM4_HUMAN,490,D,2vyr-assembly1.cif,C,86,100,76,D,2.49e-59,100.0,17.5510204081633,86,26.92,25,110,1,86,2vyr-assembly1.cif_sp|O15151|MDM4_HUMAN_C_NA_NA,Structure
1_204501329_G/A,1:204501329,A,ENSG00000198625,ENST00000367182,Transcript,missense_variant,460,298,100,D/N,Gat/Aat,-,IMPACT=MODERATE;STRAND=1;SOURCE=Homo_sapiens.GRCh37.87.gtf.sorted.gz,sp|O15151|MDM4_HUMAN,490,D,2vyr-assembly1.cif,D,86,100,76,D,2.49e-59,100.0,17.5510204081633,86,26.6,25,110,1,86,2vyr-assembly1.cif_sp|O15151|MDM4_HUMAN_D_NA_NA,Structure
1_204501330_A/G,1:204501330,G,ENSG00000198625,ENST00000367182,Transcript,missense_variant,461,299,100,D/G,gAt/gGt,-,IMPACT=MODERATE;STRAND=1;SOURCE=Homo_sapiens.GRCh37.87.gtf.sorted.gz,sp|O15151|MDM4_HUMAN,490,D,AF-O15151-F1-model_v4.pdb,A,490,100,100,D,0.0,100.0,100.0,490,91.37,1,490,1,490,AF-O15151-F1-model_v4.pdb_sp|O15151|MDM4_HUMAN_A_NA_NA,Structure
1_204501330_A/G,1:204501330,G,ENSG00000198625,ENST00000367182,Transcript,missense_variant,461,299,100,D/G,gAt/gGt,-,IMPACT=MODERATE;STRAND=1;SOURCE=Homo_sapiens.GRCh37.87.gtf.sorted.gz,sp|O15151|MDM4_HUMAN,490,D,2vyr-assembly1.cif,A,86,100,76,D,2.49e-59,100.0,17.5510204081633,86,22.9,25,110,1,86,2vyr-assembly1.cif_sp|O15151|MDM4_HUMAN_A_NA_NA,Structure
1_204501330_A/G,1:204501330,G,ENSG00000198625,ENST00000367182,Transcript,missense_variant,461,299,100,D/G,gAt/gGt,-,IMPACT=MODERATE;STRAND=1;SOURCE=Homo_sapiens.GRCh37.87.gtf.sorted.gz,sp|O15151|MDM4_HUMAN,490,D,2vyr-assembly1.cif,B,86,100,76,D,2.49e-59,100.0,17.5510204081633,86,23.52,25,110,1,86,2vyr-assembly1.cif_sp|O15151|MDM4_HUMAN_B_NA_NA,Structure
1_204501330_A/G,1:204501330,G,ENSG00000198625,ENST00000367182,Transcript,missense_variant,461,299,100,D/G,gAt/gGt,-,IMPACT=MODERATE;STRAND=1;SOURCE=Homo_sapiens.GRCh37.87.gtf.sorted.gz,sp|O15151|MDM4_HUMAN,490,D,2vyr-assembly1.cif,C,86,100,76,D,2.49e-59,100.0,17.5510204081633,86,26.92,25,110,1,86,2vyr-assembly1.cif_sp|O15151|MDM4_HUMAN_C_NA_NA,Structure
1_204501330_A/G,1:204501330,G,ENSG00000198625,ENST00000367182,Transcript,missense_variant,461,299,100,D/G,gAt/gGt,-,IMPACT=MODERATE;STRAND=1;SOURCE=Homo_sapiens.GRCh37.87.gtf.sorted.gz,sp|O15151|MDM4_HUMAN,490,D,2vyr-assembly1.cif,D,86,100,76,D,2.49e-59,100.0,17.5510204081633,86,26.6,25,110,1,86,2vyr-assembly1.cif_sp|O15151|MDM4_HUMAN_D_NA_NA,Structure
1_204506581_G/A,1:204506581,A,ENSG00000198625,ENST00000367182,Transcript,missense_variant,529,367,123,A/T,Gca/Aca,-,IMPACT=MODERATE;STRAND=1;SOURCE=Homo_sapiens.GRCh37.87.gtf.sorted.gz,sp|O15151|MDM4_HUMAN,490,A,AF-O15151-F1-model_v4.pdb,A,490,123,123,A,0.0,100.0,100.0,490,49.19,1,490,1,490,AF-O15151-F1-model_v4.pdb_sp|O15151|MDM4_HUMAN_A_NA_NA,Structure
1_204506586_G/C,1:204506586,C,ENSG00000198625,ENST00000367182,Transcript,missense_variant,534,372,124,Q/H,caG/caC,-,IMPACT=MODERATE;STRAND=1;SOURCE=Homo_sapiens.GRCh37.87.gtf.sorted.gz,sp|O15151|MDM4_HUMAN,490,Q,AF-O15151-F1-model_v4.pdb,A,490,124,124,Q,0.0,100.0,100.0,490,51.83,1,490,1,490,AF-O15151-F1-model_v4.pdb_sp|O15151|MDM4_HUMAN_A_NA_NA,Structure
1_204506608_A/T,1:204506608,T,ENSG00000198625,ENST00000367182,Transcript,missense_variant,556,394,132,S/C,Agt/Tgt,-,IMPACT=MODERATE;STRAND=1;SOURCE=Homo_sapiens.GRCh37.87.gtf.sorted.gz,sp|O15151|MDM4_HUMAN,490,S,AF-O15151-F1-model_v4.pdb,A,490,132,132,S,0.0,100.0,100.0,490,41.95,1,490,1,490,AF-O15151-F1-model_v4.pdb_sp|O15151|MDM4_HUMAN_A_NA_NA,Structure
1_204506617_C/A,1:204506617,A,ENSG00000198625,ENST00000367182,Transcript,missense_variant,565,403,135,Q/K,Caa/Aaa,-,IMPACT=MODERATE;STRAND=1;SOURCE=Homo_sapiens.GRCh37.87.gtf.sorted.gz,sp|O15151|MDM4_HUMAN,490,Q,AF-O15151-F1-model_v4.pdb,A,490,135,135,Q,0.0,100.0,100.0,490,38.33,1,490,1,490,AF-O15151-F1-model_v4.pdb_sp|O15151|MDM4_HUMAN_A_NA_NA,Structure
1_204506621_T/C,1:204506621,C,ENSG00000198625,ENST00000367182,Transcript,missense_variant,569,407,136,L/P,cTg/cCg,-,IMPACT=MODERATE;STRAND=1;SOURCE=Homo_sapiens.GRCh37.87.gtf.sorted.gz,sp|O15151|MDM4_HUMAN,490,L,AF-O15151-F1-model_v4.pdb,A,490,136,136,L,0.0,100.0,100.0,490,36.45,1,490,1,490,AF-O15151-F1-model_v4.pdb_sp|O15151|MDM4_HUMAN_A_NA_NA,Structure
1_204507346_G/A,1:204507346,A,ENSG00000198625,ENST00000367182,Transcript,missense_variant,583,421,141,E/K,Gag/Aag,-,IMPACT=MODERATE;STRAND=1;SOURCE=Homo_sapiens.GRCh37.87.gtf.sorted.gz,sp|O15151|MDM4_HUMAN,490,E,AF-O15151-F1-model_v4.pdb,A,490,141,141,E,0.0,100.0,100.0,490,42.87,1,490,1,490,AF-O15151-F1-model_v4.pdb_sp|O15151|MDM4_HUMAN_A_NA_NA,Structure
1_204507384_C/T,1:204507384,T,ENSG00000198625,ENST00000367182,Transcript,synonymous_variant,621,459,153,D,gaC/gaT,-,IMPACT=LOW;STRAND=1;SOURCE=Homo_sapiens.GRCh37.87.gtf.sorted.gz,sp|O15151|MDM4_HUMAN,490,D,AF-O15151-F1-model_v4.pdb,A,490,153,153,D,0.0,100.0,100.0,490,45.63,1,490,1,490,AF-O15151-F1-model_v4.pdb_sp|O15151|MDM4_HUMAN_A_NA_NA,Structure
1_204507385_G/A,1:204507385,A,ENSG00000198625,ENST00000367182,Transcript,missense_variant,622,460,154,D/N,Gat/Aat,-,IMPACT=MODERATE;STRAND=1;SOURCE=Homo_sapiens.GRCh37.87.gtf.sorted.gz,sp|O15151|MDM4_HUMAN,490,D,AF-O15151-F1-model_v4.pdb,A,490,154,154,D,0.0,100.0,100.0,490,41.94,1,490,1,490,AF-O15151-F1-model_v4.pdb_sp|O15151|MDM4_HUMAN_A_NA_NA,Structure
1_204507391_C/T,1:204507391,T,ENSG00000198625,ENST00000367182,Transcript,missense_variant,628,466,156,P/S,Ccc/Tcc,-,IMPACT=MODERATE;STRAND=1;SOURCE=Homo_sapiens.GRCh37.87.gtf.sorted.gz,sp|O15151|MDM4_HUMAN,490,P,AF-O15151-F1-model_v4.pdb,A,490,156,156,P,0.0,100.0,100.0,490,43.81,1,490,1,490,AF-O15151-F1-model_v4.pdb_sp|O15151|MDM4_HUMAN_A_NA_NA,Structure
1_204507404_C/G,1:204507404,G,ENSG00000198625,ENST00000367182,Transcript,missense_variant,641,479,160,T/S,aCc/aGc,-,IMPACT=MODERATE;STRAND=1;SOURCE=Homo_sapiens.GRCh37.87.gtf.sorted.gz,sp|O15151|MDM4_HUMAN,490,T,AF-O15151-F1-model_v4.pdb,A,490,160,160,T,0.0,100.0,100.0,490,32.61,1,490,1,490,AF-O15151-F1-model_v4.pdb_sp|O15151|MDM4_HUMAN_A_NA_NA,Structure
1_204507417_A/C,1:204507417,C,ENSG00000198625,ENST00000367182,Transcript,missense_variant,654,492,164,K/N,aaA/aaC,-,IMPACT=MODERATE;STRAND=1;SOURCE=Homo_sapiens.GRCh37.87.gtf.sorted.gz,sp|O15151|MDM4_HUMAN,490,K,AF-O15151-F1-model_v4.pdb,A,490,164,164,K,0.0,100.0,100.0,490,34.13,1,490,1,490,AF-O15151-F1-model_v4.pdb_sp|O15151|MDM4_HUMAN_A_NA_NA,Structure
1_204507433_G/A,1:204507433,A,ENSG00000198625,ENST00000367182,Transcript,missense_variant,670,508,170,E/K,Gaa/Aaa,-,IMPACT=MODERATE;STRAND=1;SOURCE=Homo_sapiens.GRCh37.87.gtf.sorted.gz,sp|O15151|MDM4_HUMAN,490,E,AF-O15151-F1-model_v4.pdb,A,490,170,170,E,0.0,100.0,100.0,490,39.9,1,490,1,490,AF-O15151-F1-model_v4.pdb_sp|O15151|MDM4_HUMAN_A_NA_NA,Structure
1_204511917_G/T,1:204511917,T,ENSG00000198625,ENST00000367182,Transcript,missense_variant,679,517,173,D/Y,Gac/Tac,-,IMPACT=MODERATE;STRAND=1;SOURCE=Homo_sapiens.GRCh37.87.gtf.sorted.gz,sp|O15151|MDM4_HUMAN,490,D,AF-O15151-F1-model_v4.pdb,A,490,173,173,D,0.0,100.0,100.0,490,38.87,1,490,1,490,AF-O15151-F1-model_v4.pdb_sp|O15151|MDM4_HUMAN_A_NA_NA,Structure
1_204511937_C/T,1:204511937,T,ENSG00000198625,ENST00000367182,Transcript,synonymous_variant,699,537,179,A,gcC/gcT,-,IMPACT=LOW;STRAND=1;SOURCE=Homo_sapiens.GRCh37.87.gtf.sorted.gz,sp|O15151|MDM4_HUMAN,490,A,AF-O15151-F1-model_v4.pdb,A,490,179,179,A,0.0,100.0,100.0,490,34.01,1,490,1,490,AF-O15151-F1-model_v4.pdb_sp|O15151|MDM4_HUMAN_A_NA_NA,Structure
1_204511962_C/T,1:204511962,T,ENSG00000198625,ENST00000367182,Transcript,missense_variant,724,562,188,L/F,Ctt/Ttt,-,IMPACT=MODERATE;STRAND=1;SOURCE=Homo_sapiens.GRCh37.87.gtf.sorted.gz,sp|O15151|MDM4_HUMAN,490,L,AF-O15151-F1-model_v4.pdb,A,490,188,188,L,0.0,100.0,100.0,490,53.84,1,490,1,490,AF-O15151-F1-model_v4.pdb_sp|O15151|MDM4_HUMAN_A_NA_NA,Structure
1_204511976_G/A,1:204511976,A,ENSG00000198625,ENST00000367182,Transcript,synonymous_variant,738,576,192,E,gaG/gaA,-,IMPACT=LOW;STRAND=1;SOURCE=Homo_sapiens.GRCh37.87.gtf.sorted.gz,sp|O15151|MDM4_HUMAN,490,E,AF-O15151-F1-model_v4.pdb,A,490,192,192,E,0.0,100.0,100.0,490,44.96,1,490,1,490,AF-O15151-F1-model_v4.pdb_sp|O15151|MDM4_HUMAN_A_NA_NA,Structure
1_204511992_C/T,1:204511992,T,ENSG00000198625,ENST00000367182,Transcript,synonymous_variant,754,592,198,L,Ctg/Ttg,-,IMPACT=LOW;STRAND=1;SOURCE=Homo_sapiens.GRCh37.87.gtf.sorted.gz,sp|O15151|MDM4_HUMAN,490,L,AF-O15151-F1-model_v4.pdb,A,490,198,198,L,0.0,100.0,100.0,490,52.89,1,490,1,490,AF-O15151-F1-model_v4.pdb_sp|O15151|MDM4_HUMAN_A_NA_NA,Structure
1_204511994_G/A,1:204511994,A,ENSG00000198625,ENST00000367182,Transcript,synonymous_variant,756,594,198,L,ctG/ctA,-,IMPACT=LOW;STRAND=1;SOURCE=Homo_sapiens.GRCh37.87.gtf.sorted.gz,sp|O15151|MDM4_HUMAN,490,L,AF-O15151-F1-model_v4.pdb,A,490,198,198,L,0.0,100.0,100.0,490,52.89,1,490,1,490,AF-O15151-F1-model_v4.pdb_sp|O15151|MDM4_HUMAN_A_NA_NA,Structure
1_204511999_-/G,1:204511998-204511999,G,ENSG00000198625,ENST00000367182,Transcript,frameshift_variant,760-761,598-599,200,W/WX,tgg/tGgg,-,IMPACT=HIGH;STRAND=1;SOURCE=Homo_sapiens.GRCh37.87.gtf.sorted.gz,sp|O15151|MDM4_HUMAN,490,W,AF-O15151-F1-model_v4.pdb,A,490,200,200,W,0.0,100.0,100.0,490,54.47,1,490,1,490,AF-O15151-F1-model_v4.pdb_sp|O15151|MDM4_HUMAN_A_NA_NA,Structure
1_204512007_T/A,1:204512007,A,ENSG00000198625,ENST00000367182,Transcript,missense_variant,769,607,203,L/I,Tta/Ata,-,IMPACT=MODERATE;STRAND=1;SOURCE=Homo_sapiens.GRCh37.87.gtf.sorted.gz,sp|O15151|MDM4_HUMAN,490,L,AF-O15151-F1-model_v4.pdb,A,490,203,203,L,0.0,100.0,100.0,490,53.95,1,490,1,490,AF-O15151-F1-model_v4.pdb_sp|O15151|MDM4_HUMAN_A_NA_NA,Structure
1_204512011_G/T,1:204512011,T,ENSG00000198625,ENST00000367182,Transcript,missense_variant,773,611,204,G/V,gGa/gTa,-,IMPACT=MODERATE;STRAND=1;SOURCE=Homo_sapiens.GRCh37.87.gtf.sorted.gz,sp|O15151|MDM4_HUMAN,490,G,AF-O15151-F1-model_v4.pdb,A,490,204,204,G,0.0,100.0,100.0,490,44.66,1,490,1,490,AF-O15151-F1-model_v4.pdb_sp|O15151|MDM4_HUMAN_A_NA_NA,Structure
1_204512067_A/G,1:204512067,G,ENSG00000198625,ENST00000367182,Transcript,missense_variant,829,667,223,N/D,Aat/Gat,-,IMPACT=MODERATE;STRAND=1;SOURCE=Homo_sapiens.GRCh37.87.gtf.sorted.gz,sp|O15151|MDM4_HUMAN,490,N,AF-O15151-F1-model_v4.pdb,A,490,223,223,N,0.0,100.0,100.0,490,42.26,1,490,1,490,AF-O15151-F1-model_v4.pdb_sp|O15151|MDM4_HUMAN_A_NA_NA,Structure
1_204512071_A/T,1:204512071,T,ENSG00000198625,ENST00000367182,Transcript,"missense_variant,splice_region_variant",833,671,224,Q/L,cAg/cTg,-,IMPACT=MODERATE;STRAND=1;SOURCE=Homo_sapiens.GRCh37.87.gtf.sorted.gz,sp|O15151|MDM4_HUMAN,490,Q,AF-O15151-F1-model_v4.pdb,A,490,224,224,Q,0.0,100.0,100.0,490,36.67,1,490,1,490,AF-O15151-F1-model_v4.pdb_sp|O15151|MDM4_HUMAN_A_NA_NA,Structure
1_204513682_T/C,1:204513682,C,ENSG00000198625,ENST00000367182,Transcript,missense_variant,854,692,231,V/A,gTt/gCt,-,IMPACT=MODERATE;STRAND=1;SOURCE=Homo_sapiens.GRCh37.87.gtf.sorted.gz,sp|O15151|MDM4_HUMAN,490,V,AF-O15151-F1-model_v4.pdb,A,490,231,231,V,0.0,100.0,100.0,490,51.38,1,490,1,490,AF-O15151-F1-model_v4.pdb_sp|O15151|MDM4_HUMAN_A_NA_NA,Structure
1_204513695_A/T,1:204513695,T,ENSG00000198625,ENST00000367182,Transcript,synonymous_variant,867,705,235,T,acA/acT,-,IMPACT=LOW;STRAND=1;SOURCE=Homo_sapiens.GRCh37.87.gtf.sorted.gz,sp|O15151|MDM4_HUMAN,490,T,AF-O15151-F1-model_v4.pdb,A,490,235,235,T,0.0,100.0,100.0,490,42.32,1,490,1,490,AF-O15151-F1-model_v4.pdb_sp|O15151|MDM4_HUMAN_A_NA_NA,Structure
1_204513713_G/C,1:204513713,C,ENSG00000198625,ENST00000367182,Transcript,missense_variant,885,723,241,L/F,ttG/ttC,-,IMPACT=MODERATE;STRAND=1;SOURCE=Homo_sapiens.GRCh37.87.gtf.sorted.gz,sp|O15151|MDM4_HUMAN,490,L,AF-O15151-F1-model_v4.pdb,A,490,241,241,L,0.0,100.0,100.0,490,48.91,1,490,1,490,AF-O15151-F1-model_v4.pdb_sp|O15151|MDM4_HUMAN_A_NA_NA,Structure
1_204513760_C/T,1:204513760,T,ENSG00000198625,ENST00000367182,Transcript,missense_variant,932,770,257,A/V,gCt/gTt,-,IMPACT=MODERATE;STRAND=1;SOURCE=Homo_sapiens.GRCh37.87.gtf.sorted.gz,sp|O15151|MDM4_HUMAN,490,A,AF-O15151-F1-model_v4.pdb,A,490,257,257,A,0.0,100.0,100.0,490,37.44,1,490,1,490,AF-O15151-F1-model_v4.pdb_sp|O15151|MDM4_HUMAN_A_NA_NA,Structure
1_204513764_T/A,1:204513764,A,ENSG00000198625,ENST00000367182,Transcript,synonymous_variant,936,774,258,A,gcT/gcA,-,IMPACT=LOW;STRAND=1;SOURCE=Homo_sapiens.GRCh37.87.gtf.sorted.gz,sp|O15151|MDM4_HUMAN,490,A,AF-O15151-F1-model_v4.pdb,A,490,258,258,A,0.0,100.0,100.0,490,41.64,1,490,1,490,AF-O15151-F1-model_v4.pdb_sp|O15151|MDM4_HUMAN_A_NA_NA,Structure
1_204513769_C/T,1:204513769,T,ENSG00000198625,ENST00000367182,Transcript,missense_variant,941,779,260,T/I,aCt/aTt,-,IMPACT=MODERATE;STRAND=1;SOURCE=Homo_sapiens.GRCh37.87.gtf.sorted.gz,sp|O15151|MDM4_HUMAN,490,T,AF-O15151-F1-model_v4.pdb,A,490,260,260,T,0.0,100.0,100.0,490,39.06,1,490,1,490,AF-O15151-F1-model_v4.pdb_sp|O15151|MDM4_HUMAN_A_NA_NA,Structure
1_204513770_T/G,1:204513770,G,ENSG00000198625,ENST00000367182,Transcript,synonymous_variant,942,780,260,T,acT/acG,-,IMPACT=LOW;STRAND=1;SOURCE=Homo_sapiens.GRCh37.87.gtf.sorted.gz,sp|O15151|MDM4_HUMAN,490,T,AF-O15151-F1-model_v4.pdb,A,490,260,260,T,0.0,100.0,100.0,490,39.06,1,490,1,490,AF-O15151-F1-model_v4.pdb_sp|O15151|MDM4_HUMAN_A_NA_NA,Structure
1_204513776_A/C,1:204513776,C,ENSG00000198625,ENST00000367182,Transcript,missense_variant,948,786,262,Q/H,caA/caC,-,IMPACT=MODERATE;STRAND=1;SOURCE=Homo_sapiens.GRCh37.87.gtf.sorted.gz,sp|O15151|MDM4_HUMAN,490,Q,AF-O15151-F1-model_v4.pdb,A,490,262,262,Q,0.0,100.0,100.0,490,40.51,1,490,1,490,AF-O15151-F1-model_v4.pdb_sp|O15151|MDM4_HUMAN_A_NA_NA,Structure
1_204513792_G/T,1:204513792,T,ENSG00000198625,ENST00000367182,Transcript,missense_variant,964,802,268,G/W,Ggg/Tgg,-,IMPACT=MODERATE;STRAND=1;SOURCE=Homo_sapiens.GRCh37.87.gtf.sorted.gz,sp|O15151|MDM4_HUMAN,490,G,AF-O15151-F1-model_v4.pdb,A,490,268,268,G,0.0,100.0,100.0,490,42.99,1,490,1,490,AF-O15151-F1-model_v4.pdb_sp|O15151|MDM4_HUMAN_A_NA_NA,Structure
1_204515936_G/T,1:204515936,T,ENSG00000198625,ENST00000367182,Transcript,synonymous_variant,996,834,278,V,gtG/gtT,-,IMPACT=LOW;STRAND=1;SOURCE=Homo_sapiens.GRCh37.87.gtf.sorted.gz,sp|O15151|MDM4_HUMAN,490,V,AF-O15151-F1-model_v4.pdb,A,490,278,278,V,0.0,100.0,100.0,490,52.65,1,490,1,490,AF-O15151-F1-model_v4.pdb_sp|O15151|MDM4_HUMAN_A_NA_NA,Structure
1_204515953_T/C,1:204515953,C,ENSG00000198625,ENST00000367182,Transcript,missense_variant,1013,851,284,L/P,cTg/cCg,-,IMPACT=MODERATE;STRAND=1;SOURCE=Homo_sapiens.GRCh37.87.gtf.sorted.gz,sp|O15151|MDM4_HUMAN,490,L,AF-O15151-F1-model_v4.pdb,A,490,284,284,L,0.0,100.0,100.0,490,54.8,1,490,1,490,AF-O15151-F1-model_v4.pdb_sp|O15151|MDM4_HUMAN_A_NA_NA,Structure
1_204515957_G/A,1:204515957,A,ENSG00000198625,ENST00000367182,Transcript,synonymous_variant,1017,855,285,E,gaG/gaA,-,IMPACT=LOW;STRAND=1;SOURCE=Homo_sapiens.GRCh37.87.gtf.sorted.gz,sp|O15151|MDM4_HUMAN,490,E,AF-O15151-F1-model_v4.pdb,A,490,285,285,E,0.0,100.0,100.0,490,50.95,1,490,1,490,AF-O15151-F1-model_v4.pdb_sp|O15151|MDM4_HUMAN_A_NA_NA,Structure
1_204515962_C/G,1:204515962,G,ENSG00000198625,ENST00000367182,Transcript,missense_variant,1022,860,287,S/C,tCt/tGt,-,IMPACT=MODERATE;STRAND=1;SOURCE=Homo_sapiens.GRCh37.87.gtf.sorted.gz,sp|O15151|MDM4_HUMAN,490,S,AF-O15151-F1-model_v4.pdb,A,490,287,287,S,0.0,100.0,100.0,490,47.88,1,490,1,490,AF-O15151-F1-model_v4.pdb_sp|O15151|MDM4_HUMAN_A_NA_NA,Structure
1_204515969_C/A,1:204515969,A,ENSG00000198625,ENST00000367182,Transcript,synonymous_variant,1029,867,289,S,tcC/tcA,-,IMPACT=LOW;STRAND=1;SOURCE=Homo_sapiens.GRCh37.87.gtf.sorted.gz,sp|O15151|MDM4_HUMAN,490,S,AF-O15151-F1-model_v4.pdb,A,490,289,289,S,0.0,100.0,100.0,490,42.78,1,490,1,490,AF-O15151-F1-model_v4.pdb_sp|O15151|MDM4_HUMAN_A_NA_NA,Structure
1_204515984_C/T,1:204515984,T,ENSG00000198625,ENST00000367182,Transcript,synonymous_variant,1044,882,294,T,acC/acT,-,IMPACT=LOW;STRAND=1;SOURCE=Homo_sapiens.GRCh37.87.gtf.sorted.gz,sp|O15151|MDM4_HUMAN,490,T,AF-O15151-F1-model_v4.pdb,A,490,294,294,T,0.0,100.0,100.0,490,51.46,1,490,1,490,AF-O15151-F1-model_v4.pdb_sp|O15151|MDM4_HUMAN_A_NA_NA,Structure
1_204515999_C/A,1:204515999,A,ENSG00000198625,ENST00000367182,Transcript,synonymous_variant,1059,897,299,T,acC/acA,-,IMPACT=LOW;STRAND=1;SOURCE=Homo_sapiens.GRCh37.87.gtf.sorted.gz,sp|O15151|MDM4_HUMAN,490,T,AF-O15151-F1-model_v4.pdb,A,490,299,299,T,0.0,100.0,100.0,490,53.27,1,490,1,490,AF-O15151-F1-model_v4.pdb_sp|O15151|MDM4_HUMAN_A_NA_NA,Structure
1_204518246_G/T,1:204518246,T,ENSG00000198625,ENST00000367182,Transcript,missense_variant,1071,909,303,E/D,gaG/gaT,-,IMPACT=MODERATE;STRAND=1;SOURCE=Homo_sapiens.GRCh37.87.gtf.sorted.gz,sp|O15151|MDM4_HUMAN,490,E,AF-O15151-F1-model_v4.pdb,A,490,303,303,E,0.0,100.0,100.0,490,85.65,1,490,1,490,AF-O15151-F1-model_v4.pdb_sp|O15151|MDM4_HUMAN_A_NA_NA,Structure
1_204518254_G/C,1:204518254,C,ENSG00000198625,ENST00000367182,Transcript,missense_variant,1079,917,306,C/S,tGt/tCt,-,IMPACT=MODERATE;STRAND=1;SOURCE=Homo_sapiens.GRCh37.87.gtf.sorted.gz,sp|O15151|MDM4_HUMAN,490,C,AF-O15151-F1-model_v4.pdb,A,490,306,306,C,0.0,100.0,100.0,490,92.14,1,490,1,490,AF-O15151-F1-model_v4.pdb_sp|O15151|MDM4_HUMAN_A_NA_NA,Structure
1_204518260_A/C,1:204518260,C,ENSG00000198625,ENST00000367182,Transcript,missense_variant,1085,923,308,E/A,gAa/gCa,-,IMPACT=MODERATE;STRAND=1;SOURCE=Homo_sapiens.GRCh37.87.gtf.sorted.gz,sp|O15151|MDM4_HUMAN,490,E,AF-O15151-F1-model_v4.pdb,A,490,308,308,E,0.0,100.0,100.0,490,90.86,1,490,1,490,AF-O15151-F1-model_v4.pdb_sp|O15151|MDM4_HUMAN_A_NA_NA,Structure
1_204518262_T/A,1:204518262,A,ENSG00000198625,ENST00000367182,Transcript,missense_variant,1087,925,309,C/S,Tgc/Agc,-,IMPACT=MODERATE;STRAND=1;SOURCE=Homo_sapiens.GRCh37.87.gtf.sorted.gz,sp|O15151|MDM4_HUMAN,490,C,AF-O15151-F1-model_v4.pdb,A,490,309,309,C,0.0,100.0,100.0,490,92.14,1,490,1,490,AF-O15151-F1-model_v4.pdb_sp|O15151|MDM4_HUMAN_A_NA_NA,Structure
1_204518288_G/T,1:204518288,T,ENSG00000198625,ENST00000367182,Transcript,missense_variant,1113,951,317,K/N,aaG/aaT,-,IMPACT=MODERATE;STRAND=1;SOURCE=Homo_sapiens.GRCh37.87.gtf.sorted.gz,sp|O15151|MDM4_HUMAN,490,K,AF-O15151-F1-model_v4.pdb,A,490,317,317,K,0.0,100.0,100.0,490,83.71,1,490,1,490,AF-O15151-F1-model_v4.pdb_sp|O15151|MDM4_HUMAN_A_NA_NA,Structure
1_204518302_G/C,1:204518302,C,ENSG00000198625,ENST00000367182,Transcript,missense_variant,1127,965,322,R/P,cGt/cCt,-,IMPACT=MODERATE;STRAND=1;SOURCE=Homo_sapiens.GRCh37.87.gtf.sorted.gz,sp|O15151|MDM4_HUMAN,490,R,AF-O15151-F1-model_v4.pdb,A,490,322,322,R,0.0,100.0,100.0,490,89.42,1,490,1,490,AF-O15151-F1-model_v4.pdb_sp|O15151|MDM4_HUMAN_A_NA_NA,Structure
1_204518315_G/A,1:204518315,A,ENSG00000198625,ENST00000367182,Transcript,synonymous_variant,1140,978,326,L,ttG/ttA,-,IMPACT=LOW;STRAND=1;SOURCE=Homo_sapiens.GRCh37.87.gtf.sorted.gz,sp|O15151|MDM4_HUMAN,490,L,AF-O15151-F1-model_v4.pdb,A,490,326,326,L,0.0,100.0,100.0,490,88.86,1,490,1,490,AF-O15151-F1-model_v4.pdb_sp|O15151|MDM4_HUMAN_A_NA_NA,Structure
1_204518318_G/A,1:204518318,A,ENSG00000198625,ENST00000367182,Transcript,synonymous_variant,1143,981,327,R,agG/agA,-,IMPACT=LOW;STRAND=1;SOURCE=Homo_sapiens.GRCh37.87.gtf.sorted.gz,sp|O15151|MDM4_HUMAN,490,R,AF-O15151-F1-model_v4.pdb,A,490,327,327,R,0.0,100.0,100.0,490,89.45,1,490,1,490,AF-O15151-F1-model_v4.pdb_sp|O15151|MDM4_HUMAN_A_NA_NA,Structure
1_204518349_A/C,1:204518349,C,ENSG00000198625,ENST00000367182,Transcript,missense_variant,1174,1012,338,T/P,Acc/Ccc,-,IMPACT=MODERATE;STRAND=1;SOURCE=Homo_sapiens.GRCh37.87.gtf.sorted.gz,sp|O15151|MDM4_HUMAN,490,T,AF-O15151-F1-model_v4.pdb,A,490,338,338,T,0.0,100.0,100.0,490,38.51,1,490,1,490,AF-O15151-F1-model_v4.pdb_sp|O15151|MDM4_HUMAN_A_NA_NA,Structure
1_204518366_G/A,1:204518366,A,ENSG00000198625,ENST00000367182,Transcript,synonymous_variant,1191,1029,343,T,acG/acA,-,IMPACT=LOW;STRAND=1;SOURCE=Homo_sapiens.GRCh37.87.gtf.sorted.gz,sp|O15151|MDM4_HUMAN,490,T,AF-O15151-F1-model_v4.pdb,A,490,343,343,T,0.0,100.0,100.0,490,38.13,1,490,1,490,AF-O15151-F1-model_v4.pdb_sp|O15151|MDM4_HUMAN_A_NA_NA,Structure
1_204518437_C/T,1:204518437,T,ENSG00000198625,ENST00000367182,Transcript,missense_variant,1262,1100,367,S/L,tCg/tTg,-,IMPACT=MODERATE;STRAND=1;SOURCE=Homo_sapiens.GRCh37.87.gtf.sorted.gz,sp|O15151|MDM4_HUMAN,490,S,AF-O15151-F1-model_v4.pdb,A,490,367,367,S,0.0,100.0,100.0,490,37.13,1,490,1,490,AF-O15151-F1-model_v4.pdb_sp|O15151|MDM4_HUMAN_A_NA_NA,Structure
1_204518442_C/T,1:204518442,T,ENSG00000198625,ENST00000367182,Transcript,missense_variant,1267,1105,369,P/S,Cct/Tct,-,IMPACT=MODERATE;STRAND=1;SOURCE=Homo_sapiens.GRCh37.87.gtf.sorted.gz,sp|O15151|MDM4_HUMAN,490,P,AF-O15151-F1-model_v4.pdb,A,490,369,369,P,0.0,100.0,100.0,490,38.36,1,490,1,490,AF-O15151-F1-model_v4.pdb_sp|O15151|MDM4_HUMAN_A_NA_NA,Structure
1_204518448_G/A,1:204518448,A,ENSG00000198625,ENST00000367182,Transcript,missense_variant,1273,1111,371,V/I,Gtt/Att,-,IMPACT=MODERATE;STRAND=1;SOURCE=Homo_sapiens.GRCh37.87.gtf.sorted.gz,sp|O15151|MDM4_HUMAN,490,V,AF-O15151-F1-model_v4.pdb,A,490,371,371,V,0.0,100.0,100.0,490,41.11,1,490,1,490,AF-O15151-F1-model_v4.pdb_sp|O15151|MDM4_HUMAN_A_NA_NA,Structure
1_204518480_A/C,1:204518480,C,ENSG00000198625,ENST00000367182,Transcript,missense_variant,1305,1143,381,E/D,gaA/gaC,-,IMPACT=MODERATE;STRAND=1;SOURCE=Homo_sapiens.GRCh37.87.gtf.sorted.gz,sp|O15151|MDM4_HUMAN,490,E,AF-O15151-F1-model_v4.pdb,A,490,381,381,E,0.0,100.0,100.0,490,38.97,1,490,1,490,AF-O15151-F1-model_v4.pdb_sp|O15151|MDM4_HUMAN_A_NA_NA,Structure
1_204518515_A/G,1:204518515,G,ENSG00000198625,ENST00000367182,Transcript,missense_variant,1340,1178,393,E/G,gAa/gGa,-,IMPACT=MODERATE;STRAND=1;SOURCE=Homo_sapiens.GRCh37.87.gtf.sorted.gz,sp|O15151|MDM4_HUMAN,490,E,AF-O15151-F1-model_v4.pdb,A,490,393,393,E,0.0,100.0,100.0,490,40.93,1,490,1,490,AF-O15151-F1-model_v4.pdb_sp|O15151|MDM4_HUMAN_A_NA_NA,Structure
1_204518538_T/C,1:204518538,C,ENSG00000198625,ENST00000367182,Transcript,missense_variant,1363,1201,401,S/P,Tct/Cct,-,IMPACT=MODERATE;STRAND=1;SOURCE=Homo_sapiens.GRCh37.87.gtf.sorted.gz,sp|O15151|MDM4_HUMAN,490,S,AF-O15151-F1-model_v4.pdb,A,490,401,401,S,0.0,100.0,100.0,490,49.93,1,490,1,490,AF-O15151-F1-model_v4.pdb_sp|O15151|MDM4_HUMAN_A_NA_NA,Structure
1_204518552_G/T,1:204518552,T,ENSG00000198625,ENST00000367182,Transcript,missense_variant,1377,1215,405,E/D,gaG/gaT,-,IMPACT=MODERATE;STRAND=1;SOURCE=Homo_sapiens.GRCh37.87.gtf.sorted.gz,sp|O15151|MDM4_HUMAN,490,E,AF-O15151-F1-model_v4.pdb,A,490,405,405,E,0.0,100.0,100.0,490,41.53,1,490,1,490,AF-O15151-F1-model_v4.pdb_sp|O15151|MDM4_HUMAN_A_NA_NA,Structure
1_204518634_C/A,1:204518634,A,ENSG00000198625,ENST00000367182,Transcript,missense_variant,1459,1297,433,L/I,Ctc/Atc,-,IMPACT=MODERATE;STRAND=1;SOURCE=Homo_sapiens.GRCh37.87.gtf.sorted.gz,sp|O15151|MDM4_HUMAN,490,L,AF-O15151-F1-model_v4.pdb,A,490,433,433,L,0.0,100.0,100.0,490,67.11,1,490,1,490,AF-O15151-F1-model_v4.pdb_sp|O15151|MDM4_HUMAN_A_NA_NA,Structure
1_204518634_C/A,1:204518634,A,ENSG00000198625,ENST00000367182,Transcript,missense_variant,1459,1297,433,L/I,Ctc/Atc,-,IMPACT=MODERATE;STRAND=1;SOURCE=Homo_sapiens.GRCh37.87.gtf.sorted.gz,sp|O15151|MDM4_HUMAN,490,L,5mnj-assembly1.cif,D,63,433,6,L,7.859999999999999e-42,100.0,12.8571428571429,63,45.87,428,490,1,63,5mnj-assembly1.cif_sp|O15151|MDM4_HUMAN_D_NA_NA,Structure
1_204518698_C/T,1:204518698,T,ENSG00000198625,ENST00000367182,Transcript,missense_variant,1523,1361,454,T/M,aCg/aTg,-,IMPACT=MODERATE;STRAND=1;SOURCE=Homo_sapiens.GRCh37.87.gtf.sorted.gz,sp|O15151|MDM4_HUMAN,490,T,AF-O15151-F1-model_v4.pdb,A,490,454,454,T,0.0,100.0,100.0,490,93.46,1,490,1,490,AF-O15151-F1-model_v4.pdb_sp|O15151|MDM4_HUMAN_A_NA_NA,Structure
1_204518698_C/T,1:204518698,T,ENSG00000198625,ENST00000367182,Transcript,missense_variant,1523,1361,454,T/M,aCg/aTg,-,IMPACT=MODERATE;STRAND=1;SOURCE=Homo_sapiens.GRCh37.87.gtf.sorted.gz,sp|O15151|MDM4_HUMAN,490,T,5mnj-assembly1.cif,D,63,454,27,T,7.859999999999999e-42,100.0,12.8571428571429,63,43.39,428,490,1,63,5mnj-assembly1.cif_sp|O15151|MDM4_HUMAN_D_NA_NA,Structure
1_204518699_G/A,1:204518699,A,ENSG00000198625,ENST00000367182,Transcript,synonymous_variant,1524,1362,454,T,acG/acA,-,IMPACT=LOW;STRAND=1;SOURCE=Homo_sapiens.GRCh37.87.gtf.sorted.gz,sp|O15151|MDM4_HUMAN,490,T,AF-O15151-F1-model_v4.pdb,A,490,454,454,T,0.0,100.0,100.0,490,93.46,1,490,1,490,AF-O15151-F1-model_v4.pdb_sp|O15151|MDM4_HUMAN_A_NA_NA,Structure
1_204518699_G/A,1:204518699,A,ENSG00000198625,ENST00000367182,Transcript,synonymous_variant,1524,1362,454,T,acG/acA,-,IMPACT=LOW;STRAND=1;SOURCE=Homo_sapiens.GRCh37.87.gtf.sorted.gz,sp|O15151|MDM4_HUMAN,490,T,5mnj-assembly1.cif,D,63,454,27,T,7.859999999999999e-42,100.0,12.8571428571429,63,43.39,428,490,1,63,5mnj-assembly1.cif_sp|O15151|MDM4_HUMAN_D_NA_NA,Structure
1_204518768_C/T,1:204518768,T,ENSG00000198625,ENST00000367182,Transcript,synonymous_variant,1593,1431,477,C,tgC/tgT,-,IMPACT=LOW;STRAND=1;SOURCE=Homo_sapiens.GRCh37.87.gtf.sorted.gz,sp|O15151|MDM4_HUMAN,490,C,AF-O15151-F1-model_v4.pdb,A,490,477,477,C,0.0,100.0,100.0,490,94.66,1,490,1,490,AF-O15151-F1-model_v4.pdb_sp|O15151|MDM4_HUMAN_A_NA_NA,Structure
1_204518768_C/T,1:204518768,T,ENSG00000198625,ENST00000367182,Transcript,synonymous_variant,1593,1431,477,C,tgC/tgT,-,IMPACT=LOW;STRAND=1;SOURCE=Homo_sapiens.GRCh37.87.gtf.sorted.gz,sp|O15151|MDM4_HUMAN,490,C,5mnj-assembly1.cif,D,63,477,50,C,7.859999999999999e-42,100.0,12.8571428571429,63,41.46,428,490,1,63,5mnj-assembly1.cif_sp|O15151|MDM4_HUMAN_D_NA_NA,Structure
